[2026-05-16T14:43:37.725Z] info: kubernetes.yaml was copied to the config folder
[2026-05-16T14:46:07.903Z] error: Host validation failed for: mecharch.ussuri-macaroni.ts.net. Hint: Set the HOMEPAGE_ALLOWED_HOSTS environment variable to allow requests from this host / port.
[2026-05-16T14:46:08.238Z] error: Host validation failed for: mecharch.ussuri-macaroni.ts.net. Hint: Set the HOMEPAGE_ALLOWED_HOSTS environment variable to allow requests from this host / port.
[2026-05-16T14:46:08.244Z] error: Host validation failed for: mecharch.ussuri-macaroni.ts.net. Hint: Set the HOMEPAGE_ALLOWED_HOSTS environment variable to allow requests from this host / port.
[2026-05-16T14:46:08.248Z] error: Host validation failed for: mecharch.ussuri-macaroni.ts.net. Hint: Set the HOMEPAGE_ALLOWED_HOSTS environment variable to allow requests from this host / port.
[2026-05-16T14:46:08.252Z] error: Host validation failed for: mecharch.ussuri-macaroni.ts.net. Hint: Set the HOMEPAGE_ALLOWED_HOSTS environment variable to allow requests from this host / port.
[2026-05-16T14:46:08.256Z] error: Host validation failed for: mecharch.ussuri-macaroni.ts.net. Hint: Set the HOMEPAGE_ALLOWED_HOSTS environment variable to allow requests from this host / port.
[2026-05-16T14:46:08.259Z] error: Host validation failed for: mecharch.ussuri-macaroni.ts.net. Hint: Set the HOMEPAGE_ALLOWED_HOSTS environment variable to allow requests from this host / port.
[2026-05-16T14:46:08.267Z] error: Host validation failed for: mecharch.ussuri-macaroni.ts.net. Hint: Set the HOMEPAGE_ALLOWED_HOSTS environment variable to allow requests from this host / port.
[2026-05-16T14:46:08.282Z] error: Host validation failed for: mecharch.ussuri-macaroni.ts.net. Hint: Set the HOMEPAGE_ALLOWED_HOSTS environment variable to allow requests from this host / port.
[2026-05-16T14:46:08.285Z] error: Host validation failed for: mecharch.ussuri-macaroni.ts.net. Hint: Set the HOMEPAGE_ALLOWED_HOSTS environment variable to allow requests from this host / port.
[2026-05-16T14:46:08.288Z] error: Host validation failed for: mecharch.ussuri-macaroni.ts.net. Hint: Set the HOMEPAGE_ALLOWED_HOSTS environment variable to allow requests from this host / port.
[2026-05-16T14:46:08.292Z] error: Host validation failed for: mecharch.ussuri-macaroni.ts.net. Hint: Set the HOMEPAGE_ALLOWED_HOSTS environment variable to allow requests from this host / port.
[2026-05-16T14:46:14.985Z] error: Host validation failed for: mecharch.ussuri-macaroni.ts.net. Hint: Set the HOMEPAGE_ALLOWED_HOSTS environment variable to allow requests from this host / port.
[2026-05-16T14:46:14.991Z] error: Host validation failed for: mecharch.ussuri-macaroni.ts.net. Hint: Set the HOMEPAGE_ALLOWED_HOSTS environment variable to allow requests from this host / port.
[2026-05-16T14:46:36.965Z] error: Host validation failed for: mecharch.ussuri-macaroni.ts.net. Hint: Set the HOMEPAGE_ALLOWED_HOSTS environment variable to allow requests from this host / port.
[2026-05-16T14:46:36.970Z] error: Host validation failed for: mecharch.ussuri-macaroni.ts.net. Hint: Set the HOMEPAGE_ALLOWED_HOSTS environment variable to allow requests from this host / port.
[2026-05-16T14:46:43.635Z] error: Host validation failed for: mecharch.ussuri-macaroni.ts.net. Hint: Set the HOMEPAGE_ALLOWED_HOSTS environment variable to allow requests from this host / port.
[2026-05-16T14:46:43.638Z] error: Host validation failed for: mecharch.ussuri-macaroni.ts.net. Hint: Set the HOMEPAGE_ALLOWED_HOSTS environment variable to allow requests from this host / port.
[2026-05-16T14:46:53.369Z] error: Host validation failed for: mecharch.ussuri-macaroni.ts.net. Hint: Set the HOMEPAGE_ALLOWED_HOSTS environment variable to allow requests from this host / port.
[2026-05-16T14:46:53.372Z] error: Host validation failed for: mecharch.ussuri-macaroni.ts.net. Hint: Set the HOMEPAGE_ALLOWED_HOSTS environment variable to allow requests from this host / port.
[2026-05-16T15:04:09.481Z] info: docker.yaml was copied to the config folder
[2026-05-16T15:04:09.482Z] info: bookmarks.yaml was copied to the config folder
[2026-05-16T15:04:09.482Z] info: widgets.yaml was copied to the config folder
[2026-05-16T15:04:09.482Z] info: custom.css was copied to the config folder
[2026-05-16T15:04:09.482Z] info: custom.js was copied to the config folder
[2026-05-16T15:04:09.489Z] info: proxmox.yaml was copied to the config folder
[2026-05-16T15:04:09.614Z] info: 🌐 i18next is made possible by our own product, Locize — consider powering your project with managed localization (AI, CDN, integrations): https://locize.com 💙
[2026-05-16T15:06:48.119Z] info: 🌐 i18next is made possible by our own product, Locize — consider powering your project with managed localization (AI, CDN, integrations): https://locize.com 💙
[2026-05-16T16:21:24.502Z] info: 🌐 i18next is made possible by our own product, Locize — consider powering your project with managed localization (AI, CDN, integrations): https://locize.com 💙
[2026-05-16T16:22:42.512Z] info: 🌐 i18next is made possible by our own product, Locize — consider powering your project with managed localization (AI, CDN, integrations): https://locize.com 💙
[2026-05-16T16:25:37.841Z] info: 🌐 i18next is made possible by our own product, Locize — consider powering your project with managed localization (AI, CDN, integrations): https://locize.com 💙
[2026-05-16T16:43:21.436Z] info: 🌐 i18next is made possible by our own product, Locize — consider powering your project with managed localization (AI, CDN, integrations): https://locize.com 💙
[2026-05-16T16:58:12.023Z] info: 🌐 i18next is made possible by our own product, Locize — consider powering your project with managed localization (AI, CDN, integrations): https://locize.com 💙
[2026-05-16T17:00:48.461Z] info: 🌐 i18next is made possible by our own product, Locize — consider powering your project with managed localization (AI, CDN, integrations): https://locize.com 💙
[2026-05-17T04:17:08.801Z] error: <httpProxy> Error calling https://silverbullet.ussuri-macaroni.ts.net/...
[2026-05-17T04:17:08.803Z] error: <httpProxy> [
  500,
  Error: queryAaaa ENOTFOUND silverbullet.ussuri-macaroni.ts.net
      at ignore-listed frames {
    errno: undefined,
    code: 'ENOTFOUND',
    syscall: 'queryAaaa',
    hostname: 'silverbullet.ussuri-macaroni.ts.net'
  }
]
[2026-05-17T04:17:08.850Z] error: <httpProxy> Error calling https://forgejo.ussuri-macaroni.ts.net/...
[2026-05-17T04:17:08.851Z] error: <httpProxy> [
  500,
  Error: queryAaaa ENOTFOUND forgejo.ussuri-macaroni.ts.net
      at ignore-listed frames {
    errno: undefined,
    code: 'ENOTFOUND',
    syscall: 'queryAaaa',
    hostname: 'forgejo.ussuri-macaroni.ts.net'
  }
]
[2026-05-17T04:17:13.889Z] error: <httpProxy> Error calling https://silverbullet.ussuri-macaroni.ts.net/...
[2026-05-17T04:17:13.890Z] error: <httpProxy> [
  500,
  Error: queryAaaa ENOTFOUND silverbullet.ussuri-macaroni.ts.net
      at ignore-listed frames {
    errno: undefined,
    code: 'ENOTFOUND',
    syscall: 'queryAaaa',
    hostname: 'silverbullet.ussuri-macaroni.ts.net'
  }
]
[2026-05-17T04:17:14.262Z] error: <httpProxy> Error calling https://forgejo.ussuri-macaroni.ts.net/...
[2026-05-17T04:17:14.263Z] error: <httpProxy> [
  500,
  Error: queryAaaa ENOTFOUND forgejo.ussuri-macaroni.ts.net
      at ignore-listed frames {
    errno: undefined,
    code: 'ENOTFOUND',
    syscall: 'queryAaaa',
    hostname: 'forgejo.ussuri-macaroni.ts.net'
  }
]
[2026-05-17T04:17:19.769Z] info: 🌐 i18next is made possible by our own product, Locize — consider powering your project with managed localization (AI, CDN, integrations): https://locize.com 💙
[2026-05-17T04:17:24.708Z] error: <httpProxy> Error calling https://silverbullet.ussuri-macaroni.ts.net/...
[2026-05-17T04:17:24.709Z] error: <httpProxy> [
  500,
  Error: queryAaaa ENOTFOUND silverbullet.ussuri-macaroni.ts.net
      at ignore-listed frames {
    errno: undefined,
    code: 'ENOTFOUND',
    syscall: 'queryAaaa',
    hostname: 'silverbullet.ussuri-macaroni.ts.net'
  }
]
[2026-05-17T04:17:24.809Z] error: <httpProxy> Error calling https://stirling.ussuri-macaroni.ts.net/...
[2026-05-17T04:17:24.810Z] error: <httpProxy> [
  500,
  Error: queryAaaa ENOTFOUND stirling.ussuri-macaroni.ts.net
      at ignore-listed frames {
    errno: undefined,
    code: 'ENOTFOUND',
    syscall: 'queryAaaa',
    hostname: 'stirling.ussuri-macaroni.ts.net'
  }
]
[2026-05-17T04:17:26.525Z] error: <httpProxy> Error calling https://vaultwarden.ussuri-macaroni.ts.net/...
[2026-05-17T04:17:26.526Z] error: <httpProxy> [
  500,
  Error: queryAaaa ENOTFOUND vaultwarden.ussuri-macaroni.ts.net
      at ignore-listed frames {
    errno: undefined,
    code: 'ENOTFOUND',
    syscall: 'queryAaaa',
    hostname: 'vaultwarden.ussuri-macaroni.ts.net'
  }
]
[2026-05-17T04:17:26.717Z] error: <httpProxy> Error calling https://forgejo.ussuri-macaroni.ts.net/...
[2026-05-17T04:17:26.717Z] error: <httpProxy> [
  500,
  Error: queryAaaa ENOTFOUND forgejo.ussuri-macaroni.ts.net
      at ignore-listed frames {
    errno: undefined,
    code: 'ENOTFOUND',
    syscall: 'queryAaaa',
    hostname: 'forgejo.ussuri-macaroni.ts.net'
  }
]
[2026-05-17T04:17:28.176Z] error: <httpProxy> Error calling https://silverbullet.ussuri-macaroni.ts.net/...
[2026-05-17T04:17:28.177Z] error: <httpProxy> [
  500,
  Error: queryAaaa ENOTFOUND silverbullet.ussuri-macaroni.ts.net
      at ignore-listed frames {
    errno: undefined,
    code: 'ENOTFOUND',
    syscall: 'queryAaaa',
    hostname: 'silverbullet.ussuri-macaroni.ts.net'
  }
]
[2026-05-17T04:17:28.187Z] error: <httpProxy> Error calling https://anki.ussuri-macaroni.ts.net/...
[2026-05-17T04:17:28.187Z] error: <httpProxy> [
  500,
  Error: queryAaaa ENOTFOUND anki.ussuri-macaroni.ts.net
      at ignore-listed frames {
    errno: undefined,
    code: 'ENOTFOUND',
    syscall: 'queryAaaa',
    hostname: 'anki.ussuri-macaroni.ts.net'
  }
]
[2026-05-17T04:17:29.892Z] error: <httpProxy> Error calling https://stirling.ussuri-macaroni.ts.net/...
[2026-05-17T04:17:29.892Z] error: <httpProxy> [
  500,
  Error: queryAaaa ENOTFOUND stirling.ussuri-macaroni.ts.net
      at ignore-listed frames {
    errno: undefined,
    code: 'ENOTFOUND',
    syscall: 'queryAaaa',
    hostname: 'stirling.ussuri-macaroni.ts.net'
  }
]
[2026-05-17T04:17:30.052Z] error: <httpProxy> Error calling https://anki.ussuri-macaroni.ts.net/...
[2026-05-17T04:17:30.052Z] error: <httpProxy> [
  500,
  Error: queryAaaa ENOTFOUND anki.ussuri-macaroni.ts.net
      at ignore-listed frames {
    errno: undefined,
    code: 'ENOTFOUND',
    syscall: 'queryAaaa',
    hostname: 'anki.ussuri-macaroni.ts.net'
  }
]
[2026-05-17T04:17:31.553Z] error: <httpProxy> Error calling https://vaultwarden.ussuri-macaroni.ts.net/...
[2026-05-17T04:17:31.553Z] error: <httpProxy> [
  500,
  Error: queryAaaa ENOTFOUND vaultwarden.ussuri-macaroni.ts.net
      at ignore-listed frames {
    errno: undefined,
    code: 'ENOTFOUND',
    syscall: 'queryAaaa',
    hostname: 'vaultwarden.ussuri-macaroni.ts.net'
  }
]
[2026-05-17T04:17:31.667Z] error: <httpProxy> Error calling https://forgejo.ussuri-macaroni.ts.net/...
[2026-05-17T04:17:31.668Z] error: <httpProxy> [
  500,
  Error: queryAaaa ENOTFOUND forgejo.ussuri-macaroni.ts.net
      at ignore-listed frames {
    errno: undefined,
    code: 'ENOTFOUND',
    syscall: 'queryAaaa',
    hostname: 'forgejo.ussuri-macaroni.ts.net'
  }
]
[2026-05-17T04:17:33.352Z] error: <httpProxy> Error calling https://silverbullet.ussuri-macaroni.ts.net/...
[2026-05-17T04:17:33.353Z] error: <httpProxy> [
  500,
  Error: queryAaaa ENOTFOUND silverbullet.ussuri-macaroni.ts.net
      at ignore-listed frames {
    errno: undefined,
    code: 'ENOTFOUND',
    syscall: 'queryAaaa',
    hostname: 'silverbullet.ussuri-macaroni.ts.net'
  }
]
[2026-05-17T04:17:35.014Z] error: <httpProxy> Error calling https://stirling.ussuri-macaroni.ts.net/...
[2026-05-17T04:17:35.015Z] error: <httpProxy> [
  500,
  Error: queryAaaa ENOTFOUND stirling.ussuri-macaroni.ts.net
      at ignore-listed frames {
    errno: undefined,
    code: 'ENOTFOUND',
    syscall: 'queryAaaa',
    hostname: 'stirling.ussuri-macaroni.ts.net'
  }
]
[2026-05-17T04:17:35.026Z] error: <httpProxy> Error calling https://vaultwarden.ussuri-macaroni.ts.net/...
[2026-05-17T04:17:35.026Z] error: <httpProxy> [
  500,
  Error: queryAaaa ENOTFOUND vaultwarden.ussuri-macaroni.ts.net
      at ignore-listed frames {
    errno: undefined,
    code: 'ENOTFOUND',
    syscall: 'queryAaaa',
    hostname: 'vaultwarden.ussuri-macaroni.ts.net'
  }
]
[2026-05-17T04:17:36.695Z] error: <httpProxy> Error calling https://silverbullet.ussuri-macaroni.ts.net/...
[2026-05-17T04:17:36.696Z] error: <httpProxy> [
  500,
  Error: queryAaaa ENOTFOUND silverbullet.ussuri-macaroni.ts.net
      at ignore-listed frames {
    errno: undefined,
    code: 'ENOTFOUND',
    syscall: 'queryAaaa',
    hostname: 'silverbullet.ussuri-macaroni.ts.net'
  }
]
[2026-05-17T04:17:36.732Z] error: <httpProxy> Error calling https://forgejo.ussuri-macaroni.ts.net/...
[2026-05-17T04:17:36.733Z] error: <httpProxy> [
  500,
  Error: queryAaaa ENOTFOUND forgejo.ussuri-macaroni.ts.net
      at ignore-listed frames {
    errno: undefined,
    code: 'ENOTFOUND',
    syscall: 'queryAaaa',
    hostname: 'forgejo.ussuri-macaroni.ts.net'
  }
]
[2026-05-17T04:17:38.375Z] error: <httpProxy> Error calling https://stirling.ussuri-macaroni.ts.net/...
[2026-05-17T04:17:38.376Z] error: <httpProxy> [
  500,
  Error: queryAaaa ENOTFOUND stirling.ussuri-macaroni.ts.net
      at ignore-listed frames {
    errno: undefined,
    code: 'ENOTFOUND',
    syscall: 'queryAaaa',
    hostname: 'stirling.ussuri-macaroni.ts.net'
  }
]
[2026-05-17T04:17:38.406Z] error: <httpProxy> Error calling https://anki.ussuri-macaroni.ts.net/...
[2026-05-17T04:17:38.407Z] error: <httpProxy> [
  500,
  Error: queryAaaa ENOTFOUND anki.ussuri-macaroni.ts.net
      at ignore-listed frames {
    errno: undefined,
    code: 'ENOTFOUND',
    syscall: 'queryAaaa',
    hostname: 'anki.ussuri-macaroni.ts.net'
  }
]
[2026-05-17T04:17:40.070Z] error: <httpProxy> Error calling https://anki.ussuri-macaroni.ts.net/...
[2026-05-17T04:17:40.070Z] error: <httpProxy> [
  500,
  Error: queryAaaa ENOTFOUND anki.ussuri-macaroni.ts.net
      at ignore-listed frames {
    errno: undefined,
    code: 'ENOTFOUND',
    syscall: 'queryAaaa',
    hostname: 'anki.ussuri-macaroni.ts.net'
  }
]
[2026-05-17T04:17:40.093Z] error: <httpProxy> Error calling https://vaultwarden.ussuri-macaroni.ts.net/...
[2026-05-17T04:17:40.093Z] error: <httpProxy> [
  500,
  Error: queryAaaa ENOTFOUND vaultwarden.ussuri-macaroni.ts.net
      at ignore-listed frames {
    errno: undefined,
    code: 'ENOTFOUND',
    syscall: 'queryAaaa',
    hostname: 'vaultwarden.ussuri-macaroni.ts.net'
  }
]
[2026-05-17T04:17:41.806Z] error: <httpProxy> Error calling https://forgejo.ussuri-macaroni.ts.net/...
[2026-05-17T04:17:41.806Z] error: <httpProxy> [
  500,
  Error: queryAaaa ENOTFOUND forgejo.ussuri-macaroni.ts.net
      at ignore-listed frames {
    errno: undefined,
    code: 'ENOTFOUND',
    syscall: 'queryAaaa',
    hostname: 'forgejo.ussuri-macaroni.ts.net'
  }
]
[2026-05-17T04:17:48.703Z] error: <httpProxy> Error calling https://vaultwarden.ussuri-macaroni.ts.net/...
[2026-05-17T04:17:48.705Z] error: <httpProxy> [
  500,
  Error: queryAaaa ENOTFOUND vaultwarden.ussuri-macaroni.ts.net
      at ignore-listed frames {
    errno: undefined,
    code: 'ENOTFOUND',
    syscall: 'queryAaaa',
    hostname: 'vaultwarden.ussuri-macaroni.ts.net'
  }
]
[2026-05-17T04:17:49.060Z] error: <httpProxy> Error calling https://silverbullet.ussuri-macaroni.ts.net/...
[2026-05-17T04:17:49.060Z] error: <httpProxy> [
  500,
  Error: queryAaaa ENOTFOUND silverbullet.ussuri-macaroni.ts.net
      at ignore-listed frames {
    errno: undefined,
    code: 'ENOTFOUND',
    syscall: 'queryAaaa',
    hostname: 'silverbullet.ussuri-macaroni.ts.net'
  }
]
[2026-05-17T04:17:50.496Z] error: <httpProxy> Error calling https://stirling.ussuri-macaroni.ts.net/...
[2026-05-17T04:17:50.496Z] error: <httpProxy> [
  500,
  Error: queryAaaa ENOTFOUND stirling.ussuri-macaroni.ts.net
      at ignore-listed frames {
    errno: undefined,
    code: 'ENOTFOUND',
    syscall: 'queryAaaa',
    hostname: 'stirling.ussuri-macaroni.ts.net'
  }
]
[2026-05-17T04:17:50.700Z] error: <httpProxy> Error calling https://anki.ussuri-macaroni.ts.net/...
[2026-05-17T04:17:50.701Z] error: <httpProxy> [
  500,
  Error: queryAaaa ENOTFOUND anki.ussuri-macaroni.ts.net
      at ignore-listed frames {
    errno: undefined,
    code: 'ENOTFOUND',
    syscall: 'queryAaaa',
    hostname: 'anki.ussuri-macaroni.ts.net'
  }
]
[2026-05-17T04:17:53.749Z] error: <httpProxy> Error calling https://vaultwarden.ussuri-macaroni.ts.net/...
[2026-05-17T04:17:53.750Z] error: <httpProxy> [
  500,
  Error: queryAaaa ENOTFOUND vaultwarden.ussuri-macaroni.ts.net
      at ignore-listed frames {
    errno: undefined,
    code: 'ENOTFOUND',
    syscall: 'queryAaaa',
    hostname: 'vaultwarden.ussuri-macaroni.ts.net'
  }
]
[2026-05-17T04:17:54.131Z] error: <httpProxy> Error calling https://silverbullet.ussuri-macaroni.ts.net/...
[2026-05-17T04:17:54.132Z] error: <httpProxy> [
  500,
  Error: queryAaaa ENOTFOUND silverbullet.ussuri-macaroni.ts.net
      at ignore-listed frames {
    errno: undefined,
    code: 'ENOTFOUND',
    syscall: 'queryAaaa',
    hostname: 'silverbullet.ussuri-macaroni.ts.net'
  }
]
[2026-05-17T04:17:55.430Z] error: <httpProxy> Error calling https://forgejo.ussuri-macaroni.ts.net/...
[2026-05-17T04:17:55.430Z] error: <httpProxy> [
  500,
  Error: queryAaaa ENOTFOUND forgejo.ussuri-macaroni.ts.net
      at ignore-listed frames {
    errno: undefined,
    code: 'ENOTFOUND',
    syscall: 'queryAaaa',
    hostname: 'forgejo.ussuri-macaroni.ts.net'
  }
]
[2026-05-17T04:17:56.095Z] error: <httpProxy> Error calling https://stirling.ussuri-macaroni.ts.net/...
[2026-05-17T04:17:56.096Z] error: <httpProxy> [
  500,
  Error: queryAaaa ENOTFOUND stirling.ussuri-macaroni.ts.net
      at ignore-listed frames {
    errno: undefined,
    code: 'ENOTFOUND',
    syscall: 'queryAaaa',
    hostname: 'stirling.ussuri-macaroni.ts.net'
  }
]
[2026-05-17T04:17:57.208Z] error: <httpProxy> Error calling https://anki.ussuri-macaroni.ts.net/...
[2026-05-17T04:17:57.209Z] error: <httpProxy> [
  500,
  Error: queryAaaa ENOTFOUND anki.ussuri-macaroni.ts.net
      at ignore-listed frames {
    errno: undefined,
    code: 'ENOTFOUND',
    syscall: 'queryAaaa',
    hostname: 'anki.ussuri-macaroni.ts.net'
  }
]
[2026-05-17T04:18:00.474Z] error: <httpProxy> Error calling https://forgejo.ussuri-macaroni.ts.net/...
[2026-05-17T04:18:00.474Z] error: <httpProxy> [
  500,
  Error: queryAaaa ENOTFOUND forgejo.ussuri-macaroni.ts.net
      at ignore-listed frames {
    errno: undefined,
    code: 'ENOTFOUND',
    syscall: 'queryAaaa',
    hostname: 'forgejo.ussuri-macaroni.ts.net'
  }
]
[2026-05-17T04:18:01.755Z] error: <httpProxy> Error calling https://vaultwarden.ussuri-macaroni.ts.net/...
[2026-05-17T04:18:01.755Z] error: <httpProxy> [
  500,
  Error: queryAaaa ENOTFOUND vaultwarden.ussuri-macaroni.ts.net
      at ignore-listed frames {
    errno: undefined,
    code: 'ENOTFOUND',
    syscall: 'queryAaaa',
    hostname: 'vaultwarden.ussuri-macaroni.ts.net'
  }
]
[2026-05-17T04:18:02.177Z] error: <httpProxy> Error calling https://silverbullet.ussuri-macaroni.ts.net/...
[2026-05-17T04:18:02.177Z] error: <httpProxy> [
  500,
  Error: queryAaaa ENOTFOUND silverbullet.ussuri-macaroni.ts.net
      at ignore-listed frames {
    errno: undefined,
    code: 'ENOTFOUND',
    syscall: 'queryAaaa',
    hostname: 'silverbullet.ussuri-macaroni.ts.net'
  }
]
[2026-05-17T04:18:03.824Z] error: <httpProxy> Error calling https://vaultwarden.ussuri-macaroni.ts.net/...
[2026-05-17T04:18:03.824Z] error: <httpProxy> [
  500,
  Error: queryAaaa ENOTFOUND vaultwarden.ussuri-macaroni.ts.net
      at ignore-listed frames {
    errno: undefined,
    code: 'ENOTFOUND',
    syscall: 'queryAaaa',
    hostname: 'vaultwarden.ussuri-macaroni.ts.net'
  }
]
[2026-05-17T04:18:03.851Z] error: <httpProxy> Error calling https://silverbullet.ussuri-macaroni.ts.net/...
[2026-05-17T04:18:03.852Z] error: <httpProxy> [
  500,
  Error: queryAaaa ENOTFOUND silverbullet.ussuri-macaroni.ts.net
      at ignore-listed frames {
    errno: undefined,
    code: 'ENOTFOUND',
    syscall: 'queryAaaa',
    hostname: 'silverbullet.ussuri-macaroni.ts.net'
  }
]
[2026-05-17T04:18:05.503Z] error: <httpProxy> Error calling https://forgejo.ussuri-macaroni.ts.net/...
[2026-05-17T04:18:05.504Z] error: <httpProxy> [
  500,
  Error: queryAaaa ENOTFOUND forgejo.ussuri-macaroni.ts.net
      at ignore-listed frames {
    errno: undefined,
    code: 'ENOTFOUND',
    syscall: 'queryAaaa',
    hostname: 'forgejo.ussuri-macaroni.ts.net'
  }
]
[2026-05-17T04:18:05.605Z] error: <httpProxy> Error calling https://stirling.ussuri-macaroni.ts.net/...
[2026-05-17T04:18:05.605Z] error: <httpProxy> [
  500,
  Error: queryAaaa ENOTFOUND stirling.ussuri-macaroni.ts.net
      at ignore-listed frames {
    errno: undefined,
    code: 'ENOTFOUND',
    syscall: 'queryAaaa',
    hostname: 'stirling.ussuri-macaroni.ts.net'
  }
]
[2026-05-17T04:18:07.244Z] error: <httpProxy> Error calling https://vaultwarden.ussuri-macaroni.ts.net/...
[2026-05-17T04:18:07.244Z] error: <httpProxy> [
  500,
  Error: queryAaaa ENOTFOUND vaultwarden.ussuri-macaroni.ts.net
      at ignore-listed frames {
    errno: undefined,
    code: 'ENOTFOUND',
    syscall: 'queryAaaa',
    hostname: 'vaultwarden.ussuri-macaroni.ts.net'
  }
]
[2026-05-17T04:18:07.326Z] error: <httpProxy> Error calling https://anki.ussuri-macaroni.ts.net/...
[2026-05-17T04:18:07.327Z] error: <httpProxy> [
  500,
  Error: queryAaaa ENOTFOUND anki.ussuri-macaroni.ts.net
      at ignore-listed frames {
    errno: undefined,
    code: 'ENOTFOUND',
    syscall: 'queryAaaa',
    hostname: 'anki.ussuri-macaroni.ts.net'
  }
]
[2026-05-17T04:18:08.962Z] error: <httpProxy> Error calling https://silverbullet.ussuri-macaroni.ts.net/...
[2026-05-17T04:18:08.963Z] error: <httpProxy> [
  500,
  Error: queryAaaa ENOTFOUND silverbullet.ussuri-macaroni.ts.net
      at ignore-listed frames {
    errno: undefined,
    code: 'ENOTFOUND',
    syscall: 'queryAaaa',
    hostname: 'silverbullet.ussuri-macaroni.ts.net'
  }
]
[2026-05-17T04:18:09.012Z] error: <httpProxy> Error calling https://vaultwarden.ussuri-macaroni.ts.net/...
[2026-05-17T04:18:09.013Z] error: <httpProxy> [
  500,
  Error: queryAaaa ENOTFOUND vaultwarden.ussuri-macaroni.ts.net
      at ignore-listed frames {
    errno: undefined,
    code: 'ENOTFOUND',
    syscall: 'queryAaaa',
    hostname: 'vaultwarden.ussuri-macaroni.ts.net'
  }
]
[2026-05-17T04:18:10.643Z] error: <httpProxy> Error calling https://silverbullet.ussuri-macaroni.ts.net/...
[2026-05-17T04:18:10.644Z] error: <httpProxy> [
  500,
  Error: queryAaaa ENOTFOUND silverbullet.ussuri-macaroni.ts.net
      at ignore-listed frames {
    errno: undefined,
    code: 'ENOTFOUND',
    syscall: 'queryAaaa',
    hostname: 'silverbullet.ussuri-macaroni.ts.net'
  }
]
[2026-05-17T04:18:10.695Z] error: <httpProxy> Error calling https://forgejo.ussuri-macaroni.ts.net/...
[2026-05-17T04:18:10.696Z] error: <httpProxy> [
  500,
  Error: queryAaaa ENOTFOUND forgejo.ussuri-macaroni.ts.net
      at ignore-listed frames {
    errno: undefined,
    code: 'ENOTFOUND',
    syscall: 'queryAaaa',
    hostname: 'forgejo.ussuri-macaroni.ts.net'
  }
]
[2026-05-17T04:18:12.329Z] error: <httpProxy> Error calling https://stirling.ussuri-macaroni.ts.net/...
[2026-05-17T04:18:12.330Z] error: <httpProxy> [
  500,
  Error: queryAaaa ENOTFOUND stirling.ussuri-macaroni.ts.net
      at ignore-listed frames {
    errno: undefined,
    code: 'ENOTFOUND',
    syscall: 'queryAaaa',
    hostname: 'stirling.ussuri-macaroni.ts.net'
  }
]
[2026-05-17T04:18:12.395Z] error: <httpProxy> Error calling https://anki.ussuri-macaroni.ts.net/...
[2026-05-17T04:18:12.396Z] error: <httpProxy> [
  500,
  Error: queryAaaa ENOTFOUND anki.ussuri-macaroni.ts.net
      at ignore-listed frames {
    errno: undefined,
    code: 'ENOTFOUND',
    syscall: 'queryAaaa',
    hostname: 'anki.ussuri-macaroni.ts.net'
  }
]
[2026-05-17T05:26:46.360Z] error: <httpProxy> Error calling https://anki.ussuri-macaroni.ts.net/...
[2026-05-17T05:26:46.361Z] error: <httpProxy> [
  500,
  Error: queryAaaa ENOTFOUND anki.ussuri-macaroni.ts.net
      at ignore-listed frames {
    errno: undefined,
    code: 'ENOTFOUND',
    syscall: 'queryAaaa',
    hostname: 'anki.ussuri-macaroni.ts.net'
  }
]
[2026-05-17T05:26:46.626Z] error: <httpProxy> Error calling https://silverbullet.ussuri-macaroni.ts.net/...
[2026-05-17T05:26:46.626Z] error: <httpProxy> [
  500,
  Error: queryAaaa ENOTFOUND silverbullet.ussuri-macaroni.ts.net
      at ignore-listed frames {
    errno: undefined,
    code: 'ENOTFOUND',
    syscall: 'queryAaaa',
    hostname: 'silverbullet.ussuri-macaroni.ts.net'
  }
]
[2026-05-17T05:26:48.180Z] error: <httpProxy> Error calling https://vaultwarden.ussuri-macaroni.ts.net/...
[2026-05-17T05:26:48.181Z] error: <httpProxy> [
  500,
  Error: queryAaaa ENOTFOUND vaultwarden.ussuri-macaroni.ts.net
      at ignore-listed frames {
    errno: undefined,
    code: 'ENOTFOUND',
    syscall: 'queryAaaa',
    hostname: 'vaultwarden.ussuri-macaroni.ts.net'
  }
]
[2026-05-17T05:26:49.830Z] error: <httpProxy> Error calling https://forgejo.ussuri-macaroni.ts.net/...
[2026-05-17T05:26:49.831Z] error: <httpProxy> [
  500,
  Error: queryAaaa ENOTFOUND forgejo.ussuri-macaroni.ts.net
      at ignore-listed frames {
    errno: undefined,
    code: 'ENOTFOUND',
    syscall: 'queryAaaa',
    hostname: 'forgejo.ussuri-macaroni.ts.net'
  }
]
[2026-05-17T05:26:50.052Z] error: <httpProxy> Error calling https://stirling.ussuri-macaroni.ts.net/...
[2026-05-17T05:26:50.052Z] error: <httpProxy> [
  500,
  Error: queryAaaa ENOTFOUND stirling.ussuri-macaroni.ts.net
      at ignore-listed frames {
    errno: undefined,
    code: 'ENOTFOUND',
    syscall: 'queryAaaa',
    hostname: 'stirling.ussuri-macaroni.ts.net'
  }
]
[2026-05-17T05:26:51.476Z] error: <httpProxy> Error calling https://anki.ussuri-macaroni.ts.net/...
[2026-05-17T05:26:51.476Z] error: <httpProxy> [
  500,
  Error: queryAaaa ENOTFOUND anki.ussuri-macaroni.ts.net
      at ignore-listed frames {
    errno: undefined,
    code: 'ENOTFOUND',
    syscall: 'queryAaaa',
    hostname: 'anki.ussuri-macaroni.ts.net'
  }
]
[2026-05-17T05:26:51.728Z] error: <httpProxy> Error calling https://silverbullet.ussuri-macaroni.ts.net/...
[2026-05-17T05:26:51.729Z] error: <httpProxy> [
  500,
  Error: queryAaaa ENOTFOUND silverbullet.ussuri-macaroni.ts.net
      at ignore-listed frames {
    errno: undefined,
    code: 'ENOTFOUND',
    syscall: 'queryAaaa',
    hostname: 'silverbullet.ussuri-macaroni.ts.net'
  }
]
[2026-05-17T05:26:53.297Z] error: <httpProxy> Error calling https://vaultwarden.ussuri-macaroni.ts.net/...
[2026-05-17T05:26:53.297Z] error: <httpProxy> [
  500,
  Error: queryAaaa ENOTFOUND vaultwarden.ussuri-macaroni.ts.net
      at ignore-listed frames {
    errno: undefined,
    code: 'ENOTFOUND',
    syscall: 'queryAaaa',
    hostname: 'vaultwarden.ussuri-macaroni.ts.net'
  }
]
[2026-05-17T05:26:55.090Z] error: <httpProxy> Error calling https://stirling.ussuri-macaroni.ts.net/...
[2026-05-17T05:26:55.090Z] error: <httpProxy> [
  500,
  Error: queryAaaa ENOTFOUND stirling.ussuri-macaroni.ts.net
      at ignore-listed frames {
    errno: undefined,
    code: 'ENOTFOUND',
    syscall: 'queryAaaa',
    hostname: 'stirling.ussuri-macaroni.ts.net'
  }
]
[2026-05-17T05:26:55.411Z] error: <httpProxy> Error calling https://forgejo.ussuri-macaroni.ts.net/...
[2026-05-17T05:26:55.411Z] error: <httpProxy> [
  500,
  Error: queryAaaa ENOTFOUND forgejo.ussuri-macaroni.ts.net
      at ignore-listed frames {
    errno: undefined,
    code: 'ENOTFOUND',
    syscall: 'queryAaaa',
    hostname: 'forgejo.ussuri-macaroni.ts.net'
  }
]
[2026-05-17T05:27:14.303Z] error: <httpProxy> Error calling https://silverbullet.ussuri-macaroni.ts.net/...
[2026-05-17T05:27:14.303Z] error: <httpProxy> [
  500,
  Error: queryAaaa ENOTFOUND silverbullet.ussuri-macaroni.ts.net
      at ignore-listed frames {
    errno: undefined,
    code: 'ENOTFOUND',
    syscall: 'queryAaaa',
    hostname: 'silverbullet.ussuri-macaroni.ts.net'
  }
]
[2026-05-17T05:27:14.402Z] error: <httpProxy> Error calling https://anki.ussuri-macaroni.ts.net/...
[2026-05-17T05:27:14.403Z] error: <httpProxy> [
  500,
  Error: queryAaaa ENOTFOUND anki.ussuri-macaroni.ts.net
      at ignore-listed frames {
    errno: undefined,
    code: 'ENOTFOUND',
    syscall: 'queryAaaa',
    hostname: 'anki.ussuri-macaroni.ts.net'
  }
]
[2026-05-17T05:27:15.987Z] error: <httpProxy> Error calling https://vaultwarden.ussuri-macaroni.ts.net/...
[2026-05-17T05:27:15.987Z] error: <httpProxy> [
  500,
  Error: queryAaaa ENOTFOUND vaultwarden.ussuri-macaroni.ts.net
      at ignore-listed frames {
    errno: undefined,
    code: 'ENOTFOUND',
    syscall: 'queryAaaa',
    hostname: 'vaultwarden.ussuri-macaroni.ts.net'
  }
]
[2026-05-17T05:27:16.083Z] error: <httpProxy> Error calling https://forgejo.ussuri-macaroni.ts.net/...
[2026-05-17T05:27:16.084Z] error: <httpProxy> [
  500,
  Error: queryAaaa ENOTFOUND forgejo.ussuri-macaroni.ts.net
      at ignore-listed frames {
    errno: undefined,
    code: 'ENOTFOUND',
    syscall: 'queryAaaa',
    hostname: 'forgejo.ussuri-macaroni.ts.net'
  }
]
[2026-05-17T05:27:17.729Z] error: <httpProxy> Error calling https://stirling.ussuri-macaroni.ts.net/...
[2026-05-17T05:27:17.730Z] error: <httpProxy> [
  500,
  Error: queryAaaa ENOTFOUND stirling.ussuri-macaroni.ts.net
      at ignore-listed frames {
    errno: undefined,
    code: 'ENOTFOUND',
    syscall: 'queryAaaa',
    hostname: 'stirling.ussuri-macaroni.ts.net'
  }
]
[2026-05-17T05:27:19.338Z] error: <httpProxy> Error calling https://silverbullet.ussuri-macaroni.ts.net/...
[2026-05-17T05:27:19.338Z] error: <httpProxy> [
  500,
  Error: queryAaaa ENOTFOUND silverbullet.ussuri-macaroni.ts.net
      at ignore-listed frames {
    errno: undefined,
    code: 'ENOTFOUND',
    syscall: 'queryAaaa',
    hostname: 'silverbullet.ussuri-macaroni.ts.net'
  }
]
[2026-05-17T05:27:19.588Z] error: <httpProxy> Error calling https://anki.ussuri-macaroni.ts.net/...
[2026-05-17T05:27:19.588Z] error: <httpProxy> [
  500,
  Error: queryAaaa ENOTFOUND anki.ussuri-macaroni.ts.net
      at ignore-listed frames {
    errno: undefined,
    code: 'ENOTFOUND',
    syscall: 'queryAaaa',
    hostname: 'anki.ussuri-macaroni.ts.net'
  }
]
[2026-05-17T05:27:21.053Z] error: <httpProxy> Error calling https://vaultwarden.ussuri-macaroni.ts.net/...
[2026-05-17T05:27:21.054Z] error: <httpProxy> [
  500,
  Error: queryAaaa ENOTFOUND vaultwarden.ussuri-macaroni.ts.net
      at ignore-listed frames {
    errno: undefined,
    code: 'ENOTFOUND',
    syscall: 'queryAaaa',
    hostname: 'vaultwarden.ussuri-macaroni.ts.net'
  }
]
[2026-05-17T05:27:21.468Z] error: <httpProxy> Error calling https://forgejo.ussuri-macaroni.ts.net/...
[2026-05-17T05:27:21.468Z] error: <httpProxy> [
  500,
  Error: queryAaaa ENOTFOUND forgejo.ussuri-macaroni.ts.net
      at ignore-listed frames {
    errno: undefined,
    code: 'ENOTFOUND',
    syscall: 'queryAaaa',
    hostname: 'forgejo.ussuri-macaroni.ts.net'
  }
]
[2026-05-17T05:27:22.870Z] error: <httpProxy> Error calling https://stirling.ussuri-macaroni.ts.net/...
[2026-05-17T05:27:22.871Z] error: <httpProxy> [
  500,
  Error: queryAaaa ENOTFOUND stirling.ussuri-macaroni.ts.net
      at ignore-listed frames {
    errno: undefined,
    code: 'ENOTFOUND',
    syscall: 'queryAaaa',
    hostname: 'stirling.ussuri-macaroni.ts.net'
  }
]
[2026-05-17T05:27:27.258Z] error: <httpProxy> Error calling https://anki.ussuri-macaroni.ts.net/...
[2026-05-17T05:27:27.258Z] error: <httpProxy> [
  500,
  Error: queryAaaa ENOTFOUND anki.ussuri-macaroni.ts.net
      at ignore-listed frames {
    errno: undefined,
    code: 'ENOTFOUND',
    syscall: 'queryAaaa',
    hostname: 'anki.ussuri-macaroni.ts.net'
  }
]
[2026-05-17T05:27:27.287Z] error: <httpProxy> Error calling https://silverbullet.ussuri-macaroni.ts.net/...
[2026-05-17T05:27:27.287Z] error: <httpProxy> [
  500,
  Error: queryAaaa ENOTFOUND silverbullet.ussuri-macaroni.ts.net
      at ignore-listed frames {
    errno: undefined,
    code: 'ENOTFOUND',
    syscall: 'queryAaaa',
    hostname: 'silverbullet.ussuri-macaroni.ts.net'
  }
]
[2026-05-17T05:27:32.421Z] error: <httpProxy> Error calling https://anki.ussuri-macaroni.ts.net/...
[2026-05-17T05:27:32.421Z] error: <httpProxy> [
  500,
  Error: queryAaaa ENOTFOUND anki.ussuri-macaroni.ts.net
      at ignore-listed frames {
    errno: undefined,
    code: 'ENOTFOUND',
    syscall: 'queryAaaa',
    hostname: 'anki.ussuri-macaroni.ts.net'
  }
]
[2026-05-17T05:27:32.674Z] error: <httpProxy> Error calling https://silverbullet.ussuri-macaroni.ts.net/...
[2026-05-17T05:27:32.674Z] error: <httpProxy> [
  500,
  Error: queryAaaa ENOTFOUND silverbullet.ussuri-macaroni.ts.net
      at ignore-listed frames {
    errno: undefined,
    code: 'ENOTFOUND',
    syscall: 'queryAaaa',
    hostname: 'silverbullet.ussuri-macaroni.ts.net'
  }
]
[2026-05-17T05:31:15.477Z] error: <httpProxy> Error calling https://silverbullet.ussuri-macaroni.ts.net/...
[2026-05-17T05:31:15.478Z] error: <httpProxy> [
  500,
  Error: queryAaaa ENOTFOUND silverbullet.ussuri-macaroni.ts.net
      at ignore-listed frames {
    errno: undefined,
    code: 'ENOTFOUND',
    syscall: 'queryAaaa',
    hostname: 'silverbullet.ussuri-macaroni.ts.net'
  }
]
[2026-05-17T05:31:15.517Z] error: <httpProxy> Error calling https://vaultwarden.ussuri-macaroni.ts.net/...
[2026-05-17T05:31:15.518Z] error: <httpProxy> [
  500,
  Error: queryAaaa ENOTFOUND vaultwarden.ussuri-macaroni.ts.net
      at ignore-listed frames {
    errno: undefined,
    code: 'ENOTFOUND',
    syscall: 'queryAaaa',
    hostname: 'vaultwarden.ussuri-macaroni.ts.net'
  }
]
[2026-05-17T05:31:17.232Z] error: <httpProxy> Error calling https://forgejo.ussuri-macaroni.ts.net/...
[2026-05-17T05:31:17.232Z] error: <httpProxy> [
  500,
  Error: queryAaaa ENOTFOUND forgejo.ussuri-macaroni.ts.net
      at ignore-listed frames {
    errno: undefined,
    code: 'ENOTFOUND',
    syscall: 'queryAaaa',
    hostname: 'forgejo.ussuri-macaroni.ts.net'
  }
]
[2026-05-17T05:31:17.791Z] error: <httpProxy> Error calling https://stirling.ussuri-macaroni.ts.net/...
[2026-05-17T05:31:17.792Z] error: <httpProxy> [
  500,
  Error: queryAaaa ENOTFOUND stirling.ussuri-macaroni.ts.net
      at ignore-listed frames {
    errno: undefined,
    code: 'ENOTFOUND',
    syscall: 'queryAaaa',
    hostname: 'stirling.ussuri-macaroni.ts.net'
  }
]
[2026-05-17T05:31:18.992Z] error: <httpProxy> Error calling https://anki.ussuri-macaroni.ts.net/...
[2026-05-17T05:31:18.993Z] error: <httpProxy> [
  500,
  Error: queryAaaa ENOTFOUND anki.ussuri-macaroni.ts.net
      at ignore-listed frames {
    errno: undefined,
    code: 'ENOTFOUND',
    syscall: 'queryAaaa',
    hostname: 'anki.ussuri-macaroni.ts.net'
  }
]
[2026-05-17T05:31:20.554Z] error: <httpProxy> Error calling https://silverbullet.ussuri-macaroni.ts.net/...
[2026-05-17T05:31:20.555Z] error: <httpProxy> [
  500,
  Error: queryAaaa ENOTFOUND silverbullet.ussuri-macaroni.ts.net
      at ignore-listed frames {
    errno: undefined,
    code: 'ENOTFOUND',
    syscall: 'queryAaaa',
    hostname: 'silverbullet.ussuri-macaroni.ts.net'
  }
]
[2026-05-17T05:31:20.583Z] error: <httpProxy> Error calling https://vaultwarden.ussuri-macaroni.ts.net/...
[2026-05-17T05:31:20.583Z] error: <httpProxy> [
  500,
  Error: queryAaaa ENOTFOUND vaultwarden.ussuri-macaroni.ts.net
      at ignore-listed frames {
    errno: undefined,
    code: 'ENOTFOUND',
    syscall: 'queryAaaa',
    hostname: 'vaultwarden.ussuri-macaroni.ts.net'
  }
]
[2026-05-17T05:31:22.351Z] error: <httpProxy> Error calling https://forgejo.ussuri-macaroni.ts.net/...
[2026-05-17T05:31:22.351Z] error: <httpProxy> [
  500,
  Error: queryAaaa ENOTFOUND forgejo.ussuri-macaroni.ts.net
      at ignore-listed frames {
    errno: undefined,
    code: 'ENOTFOUND',
    syscall: 'queryAaaa',
    hostname: 'forgejo.ussuri-macaroni.ts.net'
  }
]
[2026-05-17T05:31:22.908Z] error: <httpProxy> Error calling https://stirling.ussuri-macaroni.ts.net/...
[2026-05-17T05:31:22.909Z] error: <httpProxy> [
  500,
  Error: queryAaaa ENOTFOUND stirling.ussuri-macaroni.ts.net
      at ignore-listed frames {
    errno: undefined,
    code: 'ENOTFOUND',
    syscall: 'queryAaaa',
    hostname: 'stirling.ussuri-macaroni.ts.net'
  }
]
[2026-05-17T05:31:24.316Z] error: <httpProxy> Error calling https://anki.ussuri-macaroni.ts.net/...
[2026-05-17T05:31:24.316Z] error: <httpProxy> [
  500,
  Error: queryAaaa ENOTFOUND anki.ussuri-macaroni.ts.net
      at ignore-listed frames {
    errno: undefined,
    code: 'ENOTFOUND',
    syscall: 'queryAaaa',
    hostname: 'anki.ussuri-macaroni.ts.net'
  }
]
[2026-05-17T05:32:30.108Z] error: <httpProxy> Error calling https://stirling.ussuri-macaroni.ts.net/...
[2026-05-17T05:32:30.109Z] error: <httpProxy> [
  500,
  Error: queryAaaa ENOTFOUND stirling.ussuri-macaroni.ts.net
      at ignore-listed frames {
    errno: undefined,
    code: 'ENOTFOUND',
    syscall: 'queryAaaa',
    hostname: 'stirling.ussuri-macaroni.ts.net'
  }
]
[2026-05-17T05:32:30.303Z] error: <httpProxy> Error calling https://silverbullet.ussuri-macaroni.ts.net/...
[2026-05-17T05:32:30.303Z] error: <httpProxy> [
  500,
  Error: queryAaaa ENOTFOUND silverbullet.ussuri-macaroni.ts.net
      at ignore-listed frames {
    errno: undefined,
    code: 'ENOTFOUND',
    syscall: 'queryAaaa',
    hostname: 'silverbullet.ussuri-macaroni.ts.net'
  }
]
[2026-05-17T05:32:31.907Z] error: <httpProxy> Error calling https://anki.ussuri-macaroni.ts.net/...
[2026-05-17T05:32:31.907Z] error: <httpProxy> [
  500,
  Error: queryAaaa ENOTFOUND anki.ussuri-macaroni.ts.net
      at ignore-listed frames {
    errno: undefined,
    code: 'ENOTFOUND',
    syscall: 'queryAaaa',
    hostname: 'anki.ussuri-macaroni.ts.net'
  }
]
[2026-05-17T05:32:32.107Z] error: <httpProxy> Error calling https://forgejo.ussuri-macaroni.ts.net/...
[2026-05-17T05:32:32.107Z] error: <httpProxy> [
  500,
  Error: queryAaaa ENOTFOUND forgejo.ussuri-macaroni.ts.net
      at ignore-listed frames {
    errno: undefined,
    code: 'ENOTFOUND',
    syscall: 'queryAaaa',
    hostname: 'forgejo.ussuri-macaroni.ts.net'
  }
]
[2026-05-17T05:32:33.716Z] error: <httpProxy> Error calling https://vaultwarden.ussuri-macaroni.ts.net/...
[2026-05-17T05:32:33.717Z] error: <httpProxy> [
  500,
  Error: queryAaaa ENOTFOUND vaultwarden.ussuri-macaroni.ts.net
      at ignore-listed frames {
    errno: undefined,
    code: 'ENOTFOUND',
    syscall: 'queryAaaa',
    hostname: 'vaultwarden.ussuri-macaroni.ts.net'
  }
]
[2026-05-17T05:32:35.220Z] error: <httpProxy> Error calling https://stirling.ussuri-macaroni.ts.net/...
[2026-05-17T05:32:35.220Z] error: <httpProxy> [
  500,
  Error: queryAaaa ENOTFOUND stirling.ussuri-macaroni.ts.net
      at ignore-listed frames {
    errno: undefined,
    code: 'ENOTFOUND',
    syscall: 'queryAaaa',
    hostname: 'stirling.ussuri-macaroni.ts.net'
  }
]
[2026-05-17T05:32:35.693Z] error: <httpProxy> Error calling https://silverbullet.ussuri-macaroni.ts.net/...
[2026-05-17T05:32:35.693Z] error: <httpProxy> [
  500,
  Error: queryAaaa ENOTFOUND silverbullet.ussuri-macaroni.ts.net
      at ignore-listed frames {
    errno: undefined,
    code: 'ENOTFOUND',
    syscall: 'queryAaaa',
    hostname: 'silverbullet.ussuri-macaroni.ts.net'
  }
]
[2026-05-17T05:32:37.018Z] error: <httpProxy> Error calling https://anki.ussuri-macaroni.ts.net/...
[2026-05-17T05:32:37.018Z] error: <httpProxy> [
  500,
  Error: queryAaaa ENOTFOUND anki.ussuri-macaroni.ts.net
      at ignore-listed frames {
    errno: undefined,
    code: 'ENOTFOUND',
    syscall: 'queryAaaa',
    hostname: 'anki.ussuri-macaroni.ts.net'
  }
]
[2026-05-17T05:32:37.410Z] error: <httpProxy> Error calling https://forgejo.ussuri-macaroni.ts.net/...
[2026-05-17T05:32:37.410Z] error: <httpProxy> [
  500,
  Error: queryAaaa ENOTFOUND forgejo.ussuri-macaroni.ts.net
      at ignore-listed frames {
    errno: undefined,
    code: 'ENOTFOUND',
    syscall: 'queryAaaa',
    hostname: 'forgejo.ussuri-macaroni.ts.net'
  }
]
[2026-05-17T05:32:38.839Z] error: <httpProxy> Error calling https://vaultwarden.ussuri-macaroni.ts.net/...
[2026-05-17T05:32:38.840Z] error: <httpProxy> [
  500,
  Error: queryAaaa ENOTFOUND vaultwarden.ussuri-macaroni.ts.net
      at ignore-listed frames {
    errno: undefined,
    code: 'ENOTFOUND',
    syscall: 'queryAaaa',
    hostname: 'vaultwarden.ussuri-macaroni.ts.net'
  }
]
[2026-05-17T05:36:27.077Z] error: <httpProxy> Error calling https://anki.ussuri-macaroni.ts.net/...
[2026-05-17T05:36:27.078Z] error: <httpProxy> [
  500,
  Error: queryAaaa ENOTFOUND anki.ussuri-macaroni.ts.net
      at ignore-listed frames {
    errno: undefined,
    code: 'ENOTFOUND',
    syscall: 'queryAaaa',
    hostname: 'anki.ussuri-macaroni.ts.net'
  }
]
[2026-05-17T05:36:27.220Z] error: <httpProxy> Error calling https://silverbullet.ussuri-macaroni.ts.net/...
[2026-05-17T05:36:27.220Z] error: <httpProxy> [
  500,
  Error: queryAaaa ENOTFOUND silverbullet.ussuri-macaroni.ts.net
      at ignore-listed frames {
    errno: undefined,
    code: 'ENOTFOUND',
    syscall: 'queryAaaa',
    hostname: 'silverbullet.ussuri-macaroni.ts.net'
  }
]
[2026-05-17T05:36:28.828Z] error: <httpProxy> Error calling https://forgejo.ussuri-macaroni.ts.net/...
[2026-05-17T05:36:28.828Z] error: <httpProxy> [
  500,
  Error: queryAaaa ENOTFOUND forgejo.ussuri-macaroni.ts.net
      at ignore-listed frames {
    errno: undefined,
    code: 'ENOTFOUND',
    syscall: 'queryAaaa',
    hostname: 'forgejo.ussuri-macaroni.ts.net'
  }
]
[2026-05-17T05:36:28.896Z] error: <httpProxy> Error calling https://stirling.ussuri-macaroni.ts.net/...
[2026-05-17T05:36:28.897Z] error: <httpProxy> [
  500,
  Error: queryAaaa ENOTFOUND stirling.ussuri-macaroni.ts.net
      at ignore-listed frames {
    errno: undefined,
    code: 'ENOTFOUND',
    syscall: 'queryAaaa',
    hostname: 'stirling.ussuri-macaroni.ts.net'
  }
]
[2026-05-17T05:36:30.638Z] error: <httpProxy> Error calling https://vaultwarden.ussuri-macaroni.ts.net/...
[2026-05-17T05:36:30.638Z] error: <httpProxy> [
  500,
  Error: queryAaaa ENOTFOUND vaultwarden.ussuri-macaroni.ts.net
      at ignore-listed frames {
    errno: undefined,
    code: 'ENOTFOUND',
    syscall: 'queryAaaa',
    hostname: 'vaultwarden.ussuri-macaroni.ts.net'
  }
]
[2026-05-17T05:36:32.230Z] error: <httpProxy> Error calling https://anki.ussuri-macaroni.ts.net/...
[2026-05-17T05:36:32.231Z] error: <httpProxy> [
  500,
  Error: queryAaaa ENOTFOUND anki.ussuri-macaroni.ts.net
      at ignore-listed frames {
    errno: undefined,
    code: 'ENOTFOUND',
    syscall: 'queryAaaa',
    hostname: 'anki.ussuri-macaroni.ts.net'
  }
]
[2026-05-17T05:36:32.571Z] error: <httpProxy> Error calling https://silverbullet.ussuri-macaroni.ts.net/...
[2026-05-17T05:36:32.571Z] error: <httpProxy> [
  500,
  Error: queryAaaa ENOTFOUND silverbullet.ussuri-macaroni.ts.net
      at ignore-listed frames {
    errno: undefined,
    code: 'ENOTFOUND',
    syscall: 'queryAaaa',
    hostname: 'silverbullet.ussuri-macaroni.ts.net'
  }
]
[2026-05-17T05:36:33.986Z] error: <httpProxy> Error calling https://forgejo.ussuri-macaroni.ts.net/...
[2026-05-17T05:36:33.986Z] error: <httpProxy> [
  500,
  Error: queryAaaa ENOTFOUND forgejo.ussuri-macaroni.ts.net
      at ignore-listed frames {
    errno: undefined,
    code: 'ENOTFOUND',
    syscall: 'queryAaaa',
    hostname: 'forgejo.ussuri-macaroni.ts.net'
  }
]
[2026-05-17T05:36:34.113Z] error: <httpProxy> Error calling https://stirling.ussuri-macaroni.ts.net/...
[2026-05-17T05:36:34.114Z] error: <httpProxy> [
  500,
  Error: queryAaaa ENOTFOUND stirling.ussuri-macaroni.ts.net
      at ignore-listed frames {
    errno: undefined,
    code: 'ENOTFOUND',
    syscall: 'queryAaaa',
    hostname: 'stirling.ussuri-macaroni.ts.net'
  }
]
[2026-05-17T05:36:35.826Z] error: <httpProxy> Error calling https://vaultwarden.ussuri-macaroni.ts.net/...
[2026-05-17T05:36:35.827Z] error: <httpProxy> [
  500,
  Error: queryAaaa ENOTFOUND vaultwarden.ussuri-macaroni.ts.net
      at ignore-listed frames {
    errno: undefined,
    code: 'ENOTFOUND',
    syscall: 'queryAaaa',
    hostname: 'vaultwarden.ussuri-macaroni.ts.net'
  }
]
[2026-05-17T05:42:31.881Z] error: <httpProxy> Error calling https://anki.ussuri-macaroni.ts.net/...
[2026-05-17T05:42:31.881Z] error: <httpProxy> [
  500,
  Error: queryAaaa ENOTFOUND anki.ussuri-macaroni.ts.net
      at ignore-listed frames {
    errno: undefined,
    code: 'ENOTFOUND',
    syscall: 'queryAaaa',
    hostname: 'anki.ussuri-macaroni.ts.net'
  }
]
[2026-05-17T05:42:31.912Z] error: <httpProxy> Error calling https://silverbullet.ussuri-macaroni.ts.net/...
[2026-05-17T05:42:31.912Z] error: <httpProxy> [
  500,
  Error: queryAaaa ENOTFOUND silverbullet.ussuri-macaroni.ts.net
      at ignore-listed frames {
    errno: undefined,
    code: 'ENOTFOUND',
    syscall: 'queryAaaa',
    hostname: 'silverbullet.ussuri-macaroni.ts.net'
  }
]
[2026-05-17T05:42:33.666Z] error: <httpProxy> Error calling https://forgejo.ussuri-macaroni.ts.net/...
[2026-05-17T05:42:33.667Z] error: <httpProxy> [
  500,
  Error: queryAaaa ENOTFOUND forgejo.ussuri-macaroni.ts.net
      at ignore-listed frames {
    errno: undefined,
    code: 'ENOTFOUND',
    syscall: 'queryAaaa',
    hostname: 'forgejo.ussuri-macaroni.ts.net'
  }
]
[2026-05-17T05:42:33.849Z] error: <httpProxy> Error calling https://stirling.ussuri-macaroni.ts.net/...
[2026-05-17T05:42:33.849Z] error: <httpProxy> [
  500,
  Error: queryAaaa ENOTFOUND stirling.ussuri-macaroni.ts.net
      at ignore-listed frames {
    errno: undefined,
    code: 'ENOTFOUND',
    syscall: 'queryAaaa',
    hostname: 'stirling.ussuri-macaroni.ts.net'
  }
]
[2026-05-17T05:42:35.276Z] error: <httpProxy> Error calling https://vaultwarden.ussuri-macaroni.ts.net/...
[2026-05-17T05:42:35.276Z] error: <httpProxy> [
  500,
  Error: queryAaaa ENOTFOUND vaultwarden.ussuri-macaroni.ts.net
      at ignore-listed frames {
    errno: undefined,
    code: 'ENOTFOUND',
    syscall: 'queryAaaa',
    hostname: 'vaultwarden.ussuri-macaroni.ts.net'
  }
]
[2026-05-17T05:42:36.985Z] error: <httpProxy> Error calling https://anki.ussuri-macaroni.ts.net/...
[2026-05-17T05:42:36.986Z] error: <httpProxy> [
  500,
  Error: queryAaaa ENOTFOUND anki.ussuri-macaroni.ts.net
      at ignore-listed frames {
    errno: undefined,
    code: 'ENOTFOUND',
    syscall: 'queryAaaa',
    hostname: 'anki.ussuri-macaroni.ts.net'
  }
]
[2026-05-17T05:42:38.605Z] error: <httpProxy> Error calling https://silverbullet.ussuri-macaroni.ts.net/...
[2026-05-17T05:42:38.607Z] error: <httpProxy> [
  500,
  Error: queryAaaa ENOTFOUND silverbullet.ussuri-macaroni.ts.net
      at ignore-listed frames {
    errno: undefined,
    code: 'ENOTFOUND',
    syscall: 'queryAaaa',
    hostname: 'silverbullet.ussuri-macaroni.ts.net'
  }
]
[2026-05-17T05:42:39.093Z] error: <httpProxy> Error calling https://forgejo.ussuri-macaroni.ts.net/...
[2026-05-17T05:42:39.094Z] error: <httpProxy> [
  500,
  Error: queryAaaa ENOTFOUND forgejo.ussuri-macaroni.ts.net
      at ignore-listed frames {
    errno: undefined,
    code: 'ENOTFOUND',
    syscall: 'queryAaaa',
    hostname: 'forgejo.ussuri-macaroni.ts.net'
  }
]
[2026-05-17T05:42:40.505Z] error: <httpProxy> Error calling https://vaultwarden.ussuri-macaroni.ts.net/...
[2026-05-17T05:42:40.505Z] error: <httpProxy> [
  500,
  Error: queryAaaa ENOTFOUND vaultwarden.ussuri-macaroni.ts.net
      at ignore-listed frames {
    errno: undefined,
    code: 'ENOTFOUND',
    syscall: 'queryAaaa',
    hostname: 'vaultwarden.ussuri-macaroni.ts.net'
  }
]
[2026-05-17T05:42:40.664Z] error: <httpProxy> Error calling https://stirling.ussuri-macaroni.ts.net/...
[2026-05-17T05:42:40.665Z] error: <httpProxy> [
  500,
  Error: queryAaaa ENOTFOUND stirling.ussuri-macaroni.ts.net
      at ignore-listed frames {
    errno: undefined,
    code: 'ENOTFOUND',
    syscall: 'queryAaaa',
    hostname: 'stirling.ussuri-macaroni.ts.net'
  }
]
[2026-05-17T05:42:42.355Z] error: <httpProxy> Error calling https://anki.ussuri-macaroni.ts.net/...
[2026-05-17T05:42:42.356Z] error: <httpProxy> [
  500,
  Error: queryAaaa ENOTFOUND anki.ussuri-macaroni.ts.net
      at ignore-listed frames {
    errno: undefined,
    code: 'ENOTFOUND',
    syscall: 'queryAaaa',
    hostname: 'anki.ussuri-macaroni.ts.net'
  }
]
[2026-05-17T05:42:43.675Z] error: <httpProxy> Error calling https://silverbullet.ussuri-macaroni.ts.net/...
[2026-05-17T05:42:43.675Z] error: <httpProxy> [
  500,
  Error: queryAaaa ENOTFOUND silverbullet.ussuri-macaroni.ts.net
      at ignore-listed frames {
    errno: undefined,
    code: 'ENOTFOUND',
    syscall: 'queryAaaa',
    hostname: 'silverbullet.ussuri-macaroni.ts.net'
  }
]
[2026-05-17T05:42:44.316Z] error: <httpProxy> Error calling https://forgejo.ussuri-macaroni.ts.net/...
[2026-05-17T05:42:44.317Z] error: <httpProxy> [
  500,
  Error: queryAaaa ENOTFOUND forgejo.ussuri-macaroni.ts.net
      at ignore-listed frames {
    errno: undefined,
    code: 'ENOTFOUND',
    syscall: 'queryAaaa',
    hostname: 'forgejo.ussuri-macaroni.ts.net'
  }
]
[2026-05-17T05:42:45.361Z] error: <httpProxy> Error calling https://stirling.ussuri-macaroni.ts.net/...
[2026-05-17T05:42:45.361Z] error: <httpProxy> [
  500,
  Error: queryAaaa ENOTFOUND stirling.ussuri-macaroni.ts.net
      at ignore-listed frames {
    errno: undefined,
    code: 'ENOTFOUND',
    syscall: 'queryAaaa',
    hostname: 'stirling.ussuri-macaroni.ts.net'
  }
]
[2026-05-17T05:42:45.895Z] error: <httpProxy> Error calling https://vaultwarden.ussuri-macaroni.ts.net/...
[2026-05-17T05:42:45.896Z] error: <httpProxy> [
  500,
  Error: queryAaaa ENOTFOUND vaultwarden.ussuri-macaroni.ts.net
      at ignore-listed frames {
    errno: undefined,
    code: 'ENOTFOUND',
    syscall: 'queryAaaa',
    hostname: 'vaultwarden.ussuri-macaroni.ts.net'
  }
]
[2026-05-17T05:42:47.108Z] error: <httpProxy> Error calling https://anki.ussuri-macaroni.ts.net/...
[2026-05-17T05:42:47.108Z] error: <httpProxy> [
  500,
  Error: queryAaaa ENOTFOUND anki.ussuri-macaroni.ts.net
      at ignore-listed frames {
    errno: undefined,
    code: 'ENOTFOUND',
    syscall: 'queryAaaa',
    hostname: 'anki.ussuri-macaroni.ts.net'
  }
]
[2026-05-17T05:42:47.868Z] error: <httpProxy> Error calling https://silverbullet.ussuri-macaroni.ts.net/...
[2026-05-17T05:42:47.868Z] error: <httpProxy> [
  500,
  Error: queryAaaa ENOTFOUND silverbullet.ussuri-macaroni.ts.net
      at ignore-listed frames {
    errno: undefined,
    code: 'ENOTFOUND',
    syscall: 'queryAaaa',
    hostname: 'silverbullet.ussuri-macaroni.ts.net'
  }
]
[2026-05-17T05:42:48.799Z] error: <httpProxy> Error calling https://forgejo.ussuri-macaroni.ts.net/...
[2026-05-17T05:42:48.800Z] error: <httpProxy> [
  500,
  Error: queryAaaa ENOTFOUND forgejo.ussuri-macaroni.ts.net
      at ignore-listed frames {
    errno: undefined,
    code: 'ENOTFOUND',
    syscall: 'queryAaaa',
    hostname: 'forgejo.ussuri-macaroni.ts.net'
  }
]
[2026-05-17T05:42:49.570Z] error: <httpProxy> Error calling https://vaultwarden.ussuri-macaroni.ts.net/...
[2026-05-17T05:42:49.570Z] error: <httpProxy> [
  500,
  Error: queryAaaa ENOTFOUND vaultwarden.ussuri-macaroni.ts.net
      at ignore-listed frames {
    errno: undefined,
    code: 'ENOTFOUND',
    syscall: 'queryAaaa',
    hostname: 'vaultwarden.ussuri-macaroni.ts.net'
  }
]
[2026-05-17T05:42:50.484Z] error: <httpProxy> Error calling https://stirling.ussuri-macaroni.ts.net/...
[2026-05-17T05:42:50.484Z] error: <httpProxy> [
  500,
  Error: queryAaaa ENOTFOUND stirling.ussuri-macaroni.ts.net
      at ignore-listed frames {
    errno: undefined,
    code: 'ENOTFOUND',
    syscall: 'queryAaaa',
    hostname: 'stirling.ussuri-macaroni.ts.net'
  }
]
[2026-05-17T05:43:10.730Z] error: <httpProxy> Error calling https://silverbullet.ussuri-macaroni.ts.net/...
[2026-05-17T05:43:10.730Z] error: <httpProxy> [
  500,
  Error: queryAaaa ENOTFOUND silverbullet.ussuri-macaroni.ts.net
      at ignore-listed frames {
    errno: undefined,
    code: 'ENOTFOUND',
    syscall: 'queryAaaa',
    hostname: 'silverbullet.ussuri-macaroni.ts.net'
  }
]
[2026-05-17T05:43:10.762Z] error: <httpProxy> Error calling https://anki.ussuri-macaroni.ts.net/...
[2026-05-17T05:43:10.762Z] error: <httpProxy> [
  500,
  Error: queryAaaa ENOTFOUND anki.ussuri-macaroni.ts.net
      at ignore-listed frames {
    errno: undefined,
    code: 'ENOTFOUND',
    syscall: 'queryAaaa',
    hostname: 'anki.ussuri-macaroni.ts.net'
  }
]
[2026-05-17T05:43:12.401Z] error: <httpProxy> Error calling https://vaultwarden.ussuri-macaroni.ts.net/...
[2026-05-17T05:43:12.402Z] error: <httpProxy> [
  500,
  Error: queryAaaa ENOTFOUND vaultwarden.ussuri-macaroni.ts.net
      at ignore-listed frames {
    errno: undefined,
    code: 'ENOTFOUND',
    syscall: 'queryAaaa',
    hostname: 'vaultwarden.ussuri-macaroni.ts.net'
  }
]
[2026-05-17T05:43:12.443Z] error: <httpProxy> Error calling https://forgejo.ussuri-macaroni.ts.net/...
[2026-05-17T05:43:12.443Z] error: <httpProxy> [
  500,
  Error: queryAaaa ENOTFOUND forgejo.ussuri-macaroni.ts.net
      at ignore-listed frames {
    errno: undefined,
    code: 'ENOTFOUND',
    syscall: 'queryAaaa',
    hostname: 'forgejo.ussuri-macaroni.ts.net'
  }
]
[2026-05-17T05:43:14.262Z] error: <httpProxy> Error calling https://silverbullet.ussuri-macaroni.ts.net/...
[2026-05-17T05:43:14.262Z] error: <httpProxy> [
  500,
  Error: queryAaaa ENOTFOUND silverbullet.ussuri-macaroni.ts.net
      at ignore-listed frames {
    errno: undefined,
    code: 'ENOTFOUND',
    syscall: 'queryAaaa',
    hostname: 'silverbullet.ussuri-macaroni.ts.net'
  }
]
[2026-05-17T05:43:14.262Z] error: <httpProxy> Error calling https://stirling.ussuri-macaroni.ts.net/...
[2026-05-17T05:43:14.263Z] error: <httpProxy> [
  500,
  Error: queryAaaa ENOTFOUND stirling.ussuri-macaroni.ts.net
      at ignore-listed frames {
    errno: undefined,
    code: 'ENOTFOUND',
    syscall: 'queryAaaa',
    hostname: 'stirling.ussuri-macaroni.ts.net'
  }
]
[2026-05-17T05:43:15.989Z] error: <httpProxy> Error calling https://forgejo.ussuri-macaroni.ts.net/...
[2026-05-17T05:43:15.989Z] error: <httpProxy> [
  500,
  Error: queryAaaa ENOTFOUND forgejo.ussuri-macaroni.ts.net
      at ignore-listed frames {
    errno: undefined,
    code: 'ENOTFOUND',
    syscall: 'queryAaaa',
    hostname: 'forgejo.ussuri-macaroni.ts.net'
  }
]
[2026-05-17T05:43:16.145Z] error: <httpProxy> Error calling https://vaultwarden.ussuri-macaroni.ts.net/...
[2026-05-17T05:43:16.146Z] error: <httpProxy> [
  500,
  Error: queryAaaa ENOTFOUND vaultwarden.ussuri-macaroni.ts.net
      at ignore-listed frames {
    errno: undefined,
    code: 'ENOTFOUND',
    syscall: 'queryAaaa',
    hostname: 'vaultwarden.ussuri-macaroni.ts.net'
  }
]
[2026-05-17T05:43:17.734Z] error: <httpProxy> Error calling https://stirling.ussuri-macaroni.ts.net/...
[2026-05-17T05:43:17.734Z] error: <httpProxy> [
  500,
  Error: queryAaaa ENOTFOUND stirling.ussuri-macaroni.ts.net
      at ignore-listed frames {
    errno: undefined,
    code: 'ENOTFOUND',
    syscall: 'queryAaaa',
    hostname: 'stirling.ussuri-macaroni.ts.net'
  }
]
[2026-05-17T05:43:17.944Z] error: <httpProxy> Error calling https://anki.ussuri-macaroni.ts.net/...
[2026-05-17T05:43:17.945Z] error: <httpProxy> [
  500,
  Error: queryAaaa ENOTFOUND anki.ussuri-macaroni.ts.net
      at ignore-listed frames {
    errno: undefined,
    code: 'ENOTFOUND',
    syscall: 'queryAaaa',
    hostname: 'anki.ussuri-macaroni.ts.net'
  }
]
[2026-05-17T05:43:19.419Z] error: <httpProxy> Error calling https://silverbullet.ussuri-macaroni.ts.net/...
[2026-05-17T05:43:19.420Z] error: <httpProxy> [
  500,
  Error: queryAaaa ENOTFOUND silverbullet.ussuri-macaroni.ts.net
      at ignore-listed frames {
    errno: undefined,
    code: 'ENOTFOUND',
    syscall: 'queryAaaa',
    hostname: 'silverbullet.ussuri-macaroni.ts.net'
  }
]
[2026-05-17T05:43:19.618Z] error: <httpProxy> Error calling https://anki.ussuri-macaroni.ts.net/...
[2026-05-17T05:43:19.618Z] error: <httpProxy> [
  500,
  Error: queryAaaa ENOTFOUND anki.ussuri-macaroni.ts.net
      at ignore-listed frames {
    errno: undefined,
    code: 'ENOTFOUND',
    syscall: 'queryAaaa',
    hostname: 'anki.ussuri-macaroni.ts.net'
  }
]
[2026-05-17T05:43:21.087Z] error: <httpProxy> Error calling https://vaultwarden.ussuri-macaroni.ts.net/...
[2026-05-17T05:43:21.087Z] error: <httpProxy> [
  500,
  Error: queryAaaa ENOTFOUND vaultwarden.ussuri-macaroni.ts.net
      at ignore-listed frames {
    errno: undefined,
    code: 'ENOTFOUND',
    syscall: 'queryAaaa',
    hostname: 'vaultwarden.ussuri-macaroni.ts.net'
  }
]
[2026-05-17T05:43:21.333Z] error: <httpProxy> Error calling https://forgejo.ussuri-macaroni.ts.net/...
[2026-05-17T05:43:21.333Z] error: <httpProxy> [
  500,
  Error: queryAaaa ENOTFOUND forgejo.ussuri-macaroni.ts.net
      at ignore-listed frames {
    errno: undefined,
    code: 'ENOTFOUND',
    syscall: 'queryAaaa',
    hostname: 'forgejo.ussuri-macaroni.ts.net'
  }
]
[2026-05-17T05:43:23.054Z] error: <httpProxy> Error calling https://silverbullet.ussuri-macaroni.ts.net/...
[2026-05-17T05:43:23.055Z] error: <httpProxy> [
  500,
  Error: queryAaaa ENOTFOUND silverbullet.ussuri-macaroni.ts.net
      at ignore-listed frames {
    errno: undefined,
    code: 'ENOTFOUND',
    syscall: 'queryAaaa',
    hostname: 'silverbullet.ussuri-macaroni.ts.net'
  }
]
[2026-05-17T05:43:23.163Z] error: <httpProxy> Error calling https://stirling.ussuri-macaroni.ts.net/...
[2026-05-17T05:43:23.163Z] error: <httpProxy> [
  500,
  Error: queryAaaa ENOTFOUND stirling.ussuri-macaroni.ts.net
      at ignore-listed frames {
    errno: undefined,
    code: 'ENOTFOUND',
    syscall: 'queryAaaa',
    hostname: 'stirling.ussuri-macaroni.ts.net'
  }
]
[2026-05-17T05:43:24.493Z] error: <httpProxy> Error calling https://forgejo.ussuri-macaroni.ts.net/...
[2026-05-17T05:43:24.494Z] error: <httpProxy> [
  500,
  Error: queryAaaa ENOTFOUND forgejo.ussuri-macaroni.ts.net
      at ignore-listed frames {
    errno: undefined,
    code: 'ENOTFOUND',
    syscall: 'queryAaaa',
    hostname: 'forgejo.ussuri-macaroni.ts.net'
  }
]
[2026-05-17T05:43:24.805Z] error: <httpProxy> Error calling https://vaultwarden.ussuri-macaroni.ts.net/...
[2026-05-17T05:43:24.806Z] error: <httpProxy> [
  500,
  Error: queryAaaa ENOTFOUND vaultwarden.ussuri-macaroni.ts.net
      at ignore-listed frames {
    errno: undefined,
    code: 'ENOTFOUND',
    syscall: 'queryAaaa',
    hostname: 'vaultwarden.ussuri-macaroni.ts.net'
  }
]
[2026-05-17T05:43:26.214Z] error: <httpProxy> Error calling https://stirling.ussuri-macaroni.ts.net/...
[2026-05-17T05:43:26.215Z] error: <httpProxy> [
  500,
  Error: queryAaaa ENOTFOUND stirling.ussuri-macaroni.ts.net
      at ignore-listed frames {
    errno: undefined,
    code: 'ENOTFOUND',
    syscall: 'queryAaaa',
    hostname: 'stirling.ussuri-macaroni.ts.net'
  }
]
[2026-05-17T05:43:26.480Z] error: <httpProxy> Error calling https://anki.ussuri-macaroni.ts.net/...
[2026-05-17T05:43:26.480Z] error: <httpProxy> [
  500,
  Error: queryAaaa ENOTFOUND anki.ussuri-macaroni.ts.net
      at ignore-listed frames {
    errno: undefined,
    code: 'ENOTFOUND',
    syscall: 'queryAaaa',
    hostname: 'anki.ussuri-macaroni.ts.net'
  }
]
[2026-05-17T05:43:40.872Z] error: <httpProxy> Error calling https://forgejo.ussuri-macaroni.ts.net/...
[2026-05-17T05:43:40.872Z] error: <httpProxy> [
  500,
  Error: queryAaaa ENOTFOUND forgejo.ussuri-macaroni.ts.net
      at ignore-listed frames {
    errno: undefined,
    code: 'ENOTFOUND',
    syscall: 'queryAaaa',
    hostname: 'forgejo.ussuri-macaroni.ts.net'
  }
]
[2026-05-17T05:43:40.884Z] error: <httpProxy> Error calling https://silverbullet.ussuri-macaroni.ts.net/...
[2026-05-17T05:43:40.884Z] error: <httpProxy> [
  500,
  Error: queryAaaa ENOTFOUND silverbullet.ussuri-macaroni.ts.net
      at ignore-listed frames {
    errno: undefined,
    code: 'ENOTFOUND',
    syscall: 'queryAaaa',
    hostname: 'silverbullet.ussuri-macaroni.ts.net'
  }
]
[2026-05-17T05:43:42.548Z] error: <httpProxy> Error calling https://stirling.ussuri-macaroni.ts.net/...
[2026-05-17T05:43:42.548Z] error: <httpProxy> [
  500,
  Error: queryAaaa ENOTFOUND stirling.ussuri-macaroni.ts.net
      at ignore-listed frames {
    errno: undefined,
    code: 'ENOTFOUND',
    syscall: 'queryAaaa',
    hostname: 'stirling.ussuri-macaroni.ts.net'
  }
]
[2026-05-17T05:43:42.585Z] error: <httpProxy> Error calling https://vaultwarden.ussuri-macaroni.ts.net/...
[2026-05-17T05:43:42.585Z] error: <httpProxy> [
  500,
  Error: queryAaaa ENOTFOUND vaultwarden.ussuri-macaroni.ts.net
      at ignore-listed frames {
    errno: undefined,
    code: 'ENOTFOUND',
    syscall: 'queryAaaa',
    hostname: 'vaultwarden.ussuri-macaroni.ts.net'
  }
]
[2026-05-17T05:43:44.270Z] error: <httpProxy> Error calling https://anki.ussuri-macaroni.ts.net/...
[2026-05-17T05:43:44.270Z] error: <httpProxy> [
  500,
  Error: queryAaaa ENOTFOUND anki.ussuri-macaroni.ts.net
      at ignore-listed frames {
    errno: undefined,
    code: 'ENOTFOUND',
    syscall: 'queryAaaa',
    hostname: 'anki.ussuri-macaroni.ts.net'
  }
]
[2026-05-17T05:43:45.908Z] error: <httpProxy> Error calling https://forgejo.ussuri-macaroni.ts.net/...
[2026-05-17T05:43:45.908Z] error: <httpProxy> [
  500,
  Error: queryAaaa ENOTFOUND forgejo.ussuri-macaroni.ts.net
      at ignore-listed frames {
    errno: undefined,
    code: 'ENOTFOUND',
    syscall: 'queryAaaa',
    hostname: 'forgejo.ussuri-macaroni.ts.net'
  }
]
[2026-05-17T05:43:45.952Z] error: <httpProxy> Error calling https://silverbullet.ussuri-macaroni.ts.net/...
[2026-05-17T05:43:45.952Z] error: <httpProxy> [
  500,
  Error: queryAaaa ENOTFOUND silverbullet.ussuri-macaroni.ts.net
      at ignore-listed frames {
    errno: undefined,
    code: 'ENOTFOUND',
    syscall: 'queryAaaa',
    hostname: 'silverbullet.ussuri-macaroni.ts.net'
  }
]
[2026-05-17T05:43:47.624Z] error: <httpProxy> Error calling https://forgejo.ussuri-macaroni.ts.net/...
[2026-05-17T05:43:47.625Z] error: <httpProxy> [
  500,
  Error: queryAaaa ENOTFOUND forgejo.ussuri-macaroni.ts.net
      at ignore-listed frames {
    errno: undefined,
    code: 'ENOTFOUND',
    syscall: 'queryAaaa',
    hostname: 'forgejo.ussuri-macaroni.ts.net'
  }
]
[2026-05-17T05:43:47.658Z] error: <httpProxy> Error calling https://anki.ussuri-macaroni.ts.net/...
[2026-05-17T05:43:47.658Z] error: <httpProxy> [
  500,
  Error: queryAaaa ENOTFOUND anki.ussuri-macaroni.ts.net
      at ignore-listed frames {
    errno: undefined,
    code: 'ENOTFOUND',
    syscall: 'queryAaaa',
    hostname: 'anki.ussuri-macaroni.ts.net'
  }
]
[2026-05-17T05:43:49.295Z] error: <httpProxy> Error calling https://stirling.ussuri-macaroni.ts.net/...
[2026-05-17T05:43:49.295Z] error: <httpProxy> [
  500,
  Error: queryAaaa ENOTFOUND stirling.ussuri-macaroni.ts.net
      at ignore-listed frames {
    errno: undefined,
    code: 'ENOTFOUND',
    syscall: 'queryAaaa',
    hostname: 'stirling.ussuri-macaroni.ts.net'
  }
]
[2026-05-17T05:43:49.310Z] error: <httpProxy> Error calling https://silverbullet.ussuri-macaroni.ts.net/...
[2026-05-17T05:43:49.310Z] error: <httpProxy> [
  500,
  Error: queryAaaa ENOTFOUND silverbullet.ussuri-macaroni.ts.net
      at ignore-listed frames {
    errno: undefined,
    code: 'ENOTFOUND',
    syscall: 'queryAaaa',
    hostname: 'silverbullet.ussuri-macaroni.ts.net'
  }
]
[2026-05-17T05:43:50.979Z] error: <httpProxy> Error calling https://anki.ussuri-macaroni.ts.net/...
[2026-05-17T05:43:50.980Z] error: <httpProxy> [
  500,
  Error: queryAaaa ENOTFOUND anki.ussuri-macaroni.ts.net
      at ignore-listed frames {
    errno: undefined,
    code: 'ENOTFOUND',
    syscall: 'queryAaaa',
    hostname: 'anki.ussuri-macaroni.ts.net'
  }
]
[2026-05-17T05:43:51.009Z] error: <httpProxy> Error calling https://vaultwarden.ussuri-macaroni.ts.net/...
[2026-05-17T05:43:51.009Z] error: <httpProxy> [
  500,
  Error: queryAaaa ENOTFOUND vaultwarden.ussuri-macaroni.ts.net
      at ignore-listed frames {
    errno: undefined,
    code: 'ENOTFOUND',
    syscall: 'queryAaaa',
    hostname: 'vaultwarden.ussuri-macaroni.ts.net'
  }
]
[2026-05-17T05:43:52.657Z] error: <httpProxy> Error calling https://silverbullet.ussuri-macaroni.ts.net/...
[2026-05-17T05:43:52.657Z] error: <httpProxy> [
  500,
  Error: queryAaaa ENOTFOUND silverbullet.ussuri-macaroni.ts.net
      at ignore-listed frames {
    errno: undefined,
    code: 'ENOTFOUND',
    syscall: 'queryAaaa',
    hostname: 'silverbullet.ussuri-macaroni.ts.net'
  }
]
[2026-05-17T05:43:52.723Z] error: <httpProxy> Error calling https://forgejo.ussuri-macaroni.ts.net/...
[2026-05-17T05:43:52.724Z] error: <httpProxy> [
  500,
  Error: queryAaaa ENOTFOUND forgejo.ussuri-macaroni.ts.net
      at ignore-listed frames {
    errno: undefined,
    code: 'ENOTFOUND',
    syscall: 'queryAaaa',
    hostname: 'forgejo.ussuri-macaroni.ts.net'
  }
]
[2026-05-17T05:43:54.356Z] error: <httpProxy> Error calling https://vaultwarden.ussuri-macaroni.ts.net/...
[2026-05-17T05:43:54.357Z] error: <httpProxy> [
  500,
  Error: queryAaaa ENOTFOUND vaultwarden.ussuri-macaroni.ts.net
      at ignore-listed frames {
    errno: undefined,
    code: 'ENOTFOUND',
    syscall: 'queryAaaa',
    hostname: 'vaultwarden.ussuri-macaroni.ts.net'
  }
]
[2026-05-17T05:43:54.369Z] error: <httpProxy> Error calling https://stirling.ussuri-macaroni.ts.net/...
[2026-05-17T05:43:54.369Z] error: <httpProxy> [
  500,
  Error: queryAaaa ENOTFOUND stirling.ussuri-macaroni.ts.net
      at ignore-listed frames {
    errno: undefined,
    code: 'ENOTFOUND',
    syscall: 'queryAaaa',
    hostname: 'stirling.ussuri-macaroni.ts.net'
  }
]
[2026-05-17T05:43:56.035Z] error: <httpProxy> Error calling https://stirling.ussuri-macaroni.ts.net/...
[2026-05-17T05:43:56.035Z] error: <httpProxy> [
  500,
  Error: queryAaaa ENOTFOUND stirling.ussuri-macaroni.ts.net
      at ignore-listed frames {
    errno: undefined,
    code: 'ENOTFOUND',
    syscall: 'queryAaaa',
    hostname: 'stirling.ussuri-macaroni.ts.net'
  }
]
[2026-05-17T05:43:56.044Z] error: <httpProxy> Error calling https://vaultwarden.ussuri-macaroni.ts.net/...
[2026-05-17T05:43:56.044Z] error: <httpProxy> [
  500,
  Error: queryAaaa ENOTFOUND vaultwarden.ussuri-macaroni.ts.net
      at ignore-listed frames {
    errno: undefined,
    code: 'ENOTFOUND',
    syscall: 'queryAaaa',
    hostname: 'vaultwarden.ussuri-macaroni.ts.net'
  }
]
[2026-05-17T05:43:57.710Z] error: <httpProxy> Error calling https://anki.ussuri-macaroni.ts.net/...
[2026-05-17T05:43:57.710Z] error: <httpProxy> [
  500,
  Error: queryAaaa ENOTFOUND anki.ussuri-macaroni.ts.net
      at ignore-listed frames {
    errno: undefined,
    code: 'ENOTFOUND',
    syscall: 'queryAaaa',
    hostname: 'anki.ussuri-macaroni.ts.net'
  }
]
[2026-05-17T05:43:57.716Z] error: <httpProxy> Error calling https://forgejo.ussuri-macaroni.ts.net/...
[2026-05-17T05:43:57.716Z] error: <httpProxy> [
  500,
  Error: queryAaaa ENOTFOUND forgejo.ussuri-macaroni.ts.net
      at ignore-listed frames {
    errno: undefined,
    code: 'ENOTFOUND',
    syscall: 'queryAaaa',
    hostname: 'forgejo.ussuri-macaroni.ts.net'
  }
]
[2026-05-17T05:43:59.432Z] error: <httpProxy> Error calling https://stirling.ussuri-macaroni.ts.net/...
[2026-05-17T05:43:59.432Z] error: <httpProxy> [
  500,
  Error: queryAaaa ENOTFOUND stirling.ussuri-macaroni.ts.net
      at ignore-listed frames {
    errno: undefined,
    code: 'ENOTFOUND',
    syscall: 'queryAaaa',
    hostname: 'stirling.ussuri-macaroni.ts.net'
  }
]
[2026-05-17T05:43:59.437Z] error: <httpProxy> Error calling https://anki.ussuri-macaroni.ts.net/...
[2026-05-17T05:43:59.437Z] error: <httpProxy> [
  500,
  Error: queryAaaa ENOTFOUND anki.ussuri-macaroni.ts.net
      at ignore-listed frames {
    errno: undefined,
    code: 'ENOTFOUND',
    syscall: 'queryAaaa',
    hostname: 'anki.ussuri-macaroni.ts.net'
  }
]
[2026-05-17T05:44:01.068Z] error: <httpProxy> Error calling https://silverbullet.ussuri-macaroni.ts.net/...
[2026-05-17T05:44:01.069Z] error: <httpProxy> [
  500,
  Error: queryAaaa ENOTFOUND silverbullet.ussuri-macaroni.ts.net
      at ignore-listed frames {
    errno: undefined,
    code: 'ENOTFOUND',
    syscall: 'queryAaaa',
    hostname: 'silverbullet.ussuri-macaroni.ts.net'
  }
]
[2026-05-17T05:44:01.106Z] error: <httpProxy> Error calling https://anki.ussuri-macaroni.ts.net/...
[2026-05-17T05:44:01.107Z] error: <httpProxy> [
  500,
  Error: queryAaaa ENOTFOUND anki.ussuri-macaroni.ts.net
      at ignore-listed frames {
    errno: undefined,
    code: 'ENOTFOUND',
    syscall: 'queryAaaa',
    hostname: 'anki.ussuri-macaroni.ts.net'
  }
]
[2026-05-17T05:44:02.745Z] error: <httpProxy> Error calling https://vaultwarden.ussuri-macaroni.ts.net/...
[2026-05-17T05:44:02.745Z] error: <httpProxy> [
  500,
  Error: queryAaaa ENOTFOUND vaultwarden.ussuri-macaroni.ts.net
      at ignore-listed frames {
    errno: undefined,
    code: 'ENOTFOUND',
    syscall: 'queryAaaa',
    hostname: 'vaultwarden.ussuri-macaroni.ts.net'
  }
]
[2026-05-17T05:44:02.912Z] error: <httpProxy> Error calling https://silverbullet.ussuri-macaroni.ts.net/...
[2026-05-17T05:44:02.913Z] error: <httpProxy> [
  500,
  Error: queryAaaa ENOTFOUND silverbullet.ussuri-macaroni.ts.net
      at ignore-listed frames {
    errno: undefined,
    code: 'ENOTFOUND',
    syscall: 'queryAaaa',
    hostname: 'silverbullet.ussuri-macaroni.ts.net'
  }
]
[2026-05-17T05:44:04.421Z] error: <httpProxy> Error calling https://forgejo.ussuri-macaroni.ts.net/...
[2026-05-17T05:44:04.422Z] error: <httpProxy> [
  500,
  Error: queryAaaa ENOTFOUND forgejo.ussuri-macaroni.ts.net
      at ignore-listed frames {
    errno: undefined,
    code: 'ENOTFOUND',
    syscall: 'queryAaaa',
    hostname: 'forgejo.ussuri-macaroni.ts.net'
  }
]
[2026-05-17T05:44:04.588Z] error: <httpProxy> Error calling https://vaultwarden.ussuri-macaroni.ts.net/...
[2026-05-17T05:44:04.589Z] error: <httpProxy> [
  500,
  Error: queryAaaa ENOTFOUND vaultwarden.ussuri-macaroni.ts.net
      at ignore-listed frames {
    errno: undefined,
    code: 'ENOTFOUND',
    syscall: 'queryAaaa',
    hostname: 'vaultwarden.ussuri-macaroni.ts.net'
  }
]
[2026-05-17T05:44:06.259Z] error: <httpProxy> Error calling https://stirling.ussuri-macaroni.ts.net/...
[2026-05-17T05:44:06.260Z] error: <httpProxy> [
  500,
  Error: queryAaaa ENOTFOUND stirling.ussuri-macaroni.ts.net
      at ignore-listed frames {
    errno: undefined,
    code: 'ENOTFOUND',
    syscall: 'queryAaaa',
    hostname: 'stirling.ussuri-macaroni.ts.net'
  }
]
[2026-05-17T05:44:06.266Z] error: <httpProxy> Error calling https://anki.ussuri-macaroni.ts.net/...
[2026-05-17T05:44:06.266Z] error: <httpProxy> [
  500,
  Error: queryAaaa ENOTFOUND anki.ussuri-macaroni.ts.net
      at ignore-listed frames {
    errno: undefined,
    code: 'ENOTFOUND',
    syscall: 'queryAaaa',
    hostname: 'anki.ussuri-macaroni.ts.net'
  }
]
[2026-05-17T05:44:08.023Z] error: <httpProxy> Error calling https://silverbullet.ussuri-macaroni.ts.net/...
[2026-05-17T05:44:08.023Z] error: <httpProxy> [
  500,
  Error: queryAaaa ENOTFOUND silverbullet.ussuri-macaroni.ts.net
      at ignore-listed frames {
    errno: undefined,
    code: 'ENOTFOUND',
    syscall: 'queryAaaa',
    hostname: 'silverbullet.ussuri-macaroni.ts.net'
  }
]
[2026-05-17T05:44:09.461Z] error: <httpProxy> Error calling https://forgejo.ussuri-macaroni.ts.net/...
[2026-05-17T05:44:09.461Z] error: <httpProxy> [
  500,
  Error: queryAaaa ENOTFOUND forgejo.ussuri-macaroni.ts.net
      at ignore-listed frames {
    errno: undefined,
    code: 'ENOTFOUND',
    syscall: 'queryAaaa',
    hostname: 'forgejo.ussuri-macaroni.ts.net'
  }
]
[2026-05-17T05:44:09.619Z] error: <httpProxy> Error calling https://vaultwarden.ussuri-macaroni.ts.net/...
[2026-05-17T05:44:09.619Z] error: <httpProxy> [
  500,
  Error: queryAaaa ENOTFOUND vaultwarden.ussuri-macaroni.ts.net
      at ignore-listed frames {
    errno: undefined,
    code: 'ENOTFOUND',
    syscall: 'queryAaaa',
    hostname: 'vaultwarden.ussuri-macaroni.ts.net'
  }
]
[2026-05-17T05:44:11.293Z] error: <httpProxy> Error calling https://anki.ussuri-macaroni.ts.net/...
[2026-05-17T05:44:11.293Z] error: <httpProxy> [
  500,
  Error: queryAaaa ENOTFOUND anki.ussuri-macaroni.ts.net
      at ignore-listed frames {
    errno: undefined,
    code: 'ENOTFOUND',
    syscall: 'queryAaaa',
    hostname: 'anki.ussuri-macaroni.ts.net'
  }
]
[2026-05-17T05:44:11.295Z] error: <httpProxy> Error calling https://stirling.ussuri-macaroni.ts.net/...
[2026-05-17T05:44:11.295Z] error: <httpProxy> [
  500,
  Error: queryAaaa ENOTFOUND stirling.ussuri-macaroni.ts.net
      at ignore-listed frames {
    errno: undefined,
    code: 'ENOTFOUND',
    syscall: 'queryAaaa',
    hostname: 'stirling.ussuri-macaroni.ts.net'
  }
]
[2026-05-17T05:44:13.047Z] error: <httpProxy> Error calling https://silverbullet.ussuri-macaroni.ts.net/...
[2026-05-17T05:44:13.048Z] error: <httpProxy> [
  500,
  Error: queryAaaa ENOTFOUND silverbullet.ussuri-macaroni.ts.net
      at ignore-listed frames {
    errno: undefined,
    code: 'ENOTFOUND',
    syscall: 'queryAaaa',
    hostname: 'silverbullet.ussuri-macaroni.ts.net'
  }
]
[2026-05-17T05:44:14.684Z] error: <httpProxy> Error calling https://forgejo.ussuri-macaroni.ts.net/...
[2026-05-17T05:44:14.684Z] error: <httpProxy> [
  500,
  Error: queryAaaa ENOTFOUND forgejo.ussuri-macaroni.ts.net
      at ignore-listed frames {
    errno: undefined,
    code: 'ENOTFOUND',
    syscall: 'queryAaaa',
    hostname: 'forgejo.ussuri-macaroni.ts.net'
  }
]
[2026-05-17T05:44:14.763Z] error: <httpProxy> Error calling https://vaultwarden.ussuri-macaroni.ts.net/...
[2026-05-17T05:44:14.764Z] error: <httpProxy> [
  500,
  Error: queryAaaa ENOTFOUND vaultwarden.ussuri-macaroni.ts.net
      at ignore-listed frames {
    errno: undefined,
    code: 'ENOTFOUND',
    syscall: 'queryAaaa',
    hostname: 'vaultwarden.ussuri-macaroni.ts.net'
  }
]
[2026-05-17T05:44:16.478Z] error: <httpProxy> Error calling https://stirling.ussuri-macaroni.ts.net/...
[2026-05-17T05:44:16.479Z] error: <httpProxy> [
  500,
  Error: queryAaaa ENOTFOUND stirling.ussuri-macaroni.ts.net
      at ignore-listed frames {
    errno: undefined,
    code: 'ENOTFOUND',
    syscall: 'queryAaaa',
    hostname: 'stirling.ussuri-macaroni.ts.net'
  }
]
[2026-05-17T05:44:31.361Z] error: <httpProxy> Error calling https://silverbullet.ussuri-macaroni.ts.net/...
[2026-05-17T05:44:31.361Z] error: <httpProxy> [
  500,
  Error: queryAaaa ENOTFOUND silverbullet.ussuri-macaroni.ts.net
      at ignore-listed frames {
    errno: undefined,
    code: 'ENOTFOUND',
    syscall: 'queryAaaa',
    hostname: 'silverbullet.ussuri-macaroni.ts.net'
  }
]
[2026-05-17T05:44:31.398Z] error: <httpProxy> Error calling https://anki.ussuri-macaroni.ts.net/...
[2026-05-17T05:44:31.398Z] error: <httpProxy> [
  500,
  Error: queryAaaa ENOTFOUND anki.ussuri-macaroni.ts.net
      at ignore-listed frames {
    errno: undefined,
    code: 'ENOTFOUND',
    syscall: 'queryAaaa',
    hostname: 'anki.ussuri-macaroni.ts.net'
  }
]
[2026-05-17T05:44:33.044Z] error: <httpProxy> Error calling https://vaultwarden.ussuri-macaroni.ts.net/...
[2026-05-17T05:44:33.046Z] error: <httpProxy> [
  500,
  Error: queryAaaa ENOTFOUND vaultwarden.ussuri-macaroni.ts.net
      at ignore-listed frames {
    errno: undefined,
    code: 'ENOTFOUND',
    syscall: 'queryAaaa',
    hostname: 'vaultwarden.ussuri-macaroni.ts.net'
  }
]
[2026-05-17T05:44:33.077Z] error: <httpProxy> Error calling https://forgejo.ussuri-macaroni.ts.net/...
[2026-05-17T05:44:33.078Z] error: <httpProxy> [
  500,
  Error: queryAaaa ENOTFOUND forgejo.ussuri-macaroni.ts.net
      at ignore-listed frames {
    errno: undefined,
    code: 'ENOTFOUND',
    syscall: 'queryAaaa',
    hostname: 'forgejo.ussuri-macaroni.ts.net'
  }
]
[2026-05-17T05:44:34.719Z] error: <httpProxy> Error calling https://stirling.ussuri-macaroni.ts.net/...
[2026-05-17T05:44:34.719Z] error: <httpProxy> [
  500,
  Error: queryAaaa ENOTFOUND stirling.ussuri-macaroni.ts.net
      at ignore-listed frames {
    errno: undefined,
    code: 'ENOTFOUND',
    syscall: 'queryAaaa',
    hostname: 'stirling.ussuri-macaroni.ts.net'
  }
]
[2026-05-17T05:44:34.755Z] error: <httpProxy> Error calling https://vaultwarden.ussuri-macaroni.ts.net/...
[2026-05-17T05:44:34.755Z] error: <httpProxy> [
  500,
  Error: queryAaaa ENOTFOUND vaultwarden.ussuri-macaroni.ts.net
      at ignore-listed frames {
    errno: undefined,
    code: 'ENOTFOUND',
    syscall: 'queryAaaa',
    hostname: 'vaultwarden.ussuri-macaroni.ts.net'
  }
]
[2026-05-17T05:44:36.405Z] error: <httpProxy> Error calling https://silverbullet.ussuri-macaroni.ts.net/...
[2026-05-17T05:44:36.405Z] error: <httpProxy> [
  500,
  Error: queryAaaa ENOTFOUND silverbullet.ussuri-macaroni.ts.net
      at ignore-listed frames {
    errno: undefined,
    code: 'ENOTFOUND',
    syscall: 'queryAaaa',
    hostname: 'silverbullet.ussuri-macaroni.ts.net'
  }
]
[2026-05-17T05:44:36.428Z] error: <httpProxy> Error calling https://anki.ussuri-macaroni.ts.net/...
[2026-05-17T05:44:36.428Z] error: <httpProxy> [
  500,
  Error: queryAaaa ENOTFOUND anki.ussuri-macaroni.ts.net
      at ignore-listed frames {
    errno: undefined,
    code: 'ENOTFOUND',
    syscall: 'queryAaaa',
    hostname: 'anki.ussuri-macaroni.ts.net'
  }
]
[2026-05-17T05:44:38.108Z] error: <httpProxy> Error calling https://stirling.ussuri-macaroni.ts.net/...
[2026-05-17T05:44:38.108Z] error: <httpProxy> [
  500,
  Error: queryAaaa ENOTFOUND stirling.ussuri-macaroni.ts.net
      at ignore-listed frames {
    errno: undefined,
    code: 'ENOTFOUND',
    syscall: 'queryAaaa',
    hostname: 'stirling.ussuri-macaroni.ts.net'
  }
]
[2026-05-17T05:44:38.188Z] error: <httpProxy> Error calling https://forgejo.ussuri-macaroni.ts.net/...
[2026-05-17T05:44:38.189Z] error: <httpProxy> [
  500,
  Error: queryAaaa ENOTFOUND forgejo.ussuri-macaroni.ts.net
      at ignore-listed frames {
    errno: undefined,
    code: 'ENOTFOUND',
    syscall: 'queryAaaa',
    hostname: 'forgejo.ussuri-macaroni.ts.net'
  }
]
[2026-05-17T05:44:39.783Z] error: <httpProxy> Error calling https://anki.ussuri-macaroni.ts.net/...
[2026-05-17T05:44:39.784Z] error: <httpProxy> [
  500,
  Error: queryAaaa ENOTFOUND anki.ussuri-macaroni.ts.net
      at ignore-listed frames {
    errno: undefined,
    code: 'ENOTFOUND',
    syscall: 'queryAaaa',
    hostname: 'anki.ussuri-macaroni.ts.net'
  }
]
[2026-05-17T05:44:39.829Z] error: <httpProxy> Error calling https://silverbullet.ussuri-macaroni.ts.net/...
[2026-05-17T05:44:39.830Z] error: <httpProxy> [
  500,
  Error: queryAaaa ENOTFOUND silverbullet.ussuri-macaroni.ts.net
      at ignore-listed frames {
    errno: undefined,
    code: 'ENOTFOUND',
    syscall: 'queryAaaa',
    hostname: 'silverbullet.ussuri-macaroni.ts.net'
  }
]
[2026-05-17T05:44:41.432Z] error: <httpProxy> Error calling https://vaultwarden.ussuri-macaroni.ts.net/...
[2026-05-17T05:44:41.432Z] error: <httpProxy> [
  500,
  Error: queryAaaa ENOTFOUND vaultwarden.ussuri-macaroni.ts.net
      at ignore-listed frames {
    errno: undefined,
    code: 'ENOTFOUND',
    syscall: 'queryAaaa',
    hostname: 'vaultwarden.ussuri-macaroni.ts.net'
  }
]
[2026-05-17T05:44:41.459Z] error: <httpProxy> Error calling https://forgejo.ussuri-macaroni.ts.net/...
[2026-05-17T05:44:41.460Z] error: <httpProxy> [
  500,
  Error: queryAaaa ENOTFOUND forgejo.ussuri-macaroni.ts.net
      at ignore-listed frames {
    errno: undefined,
    code: 'ENOTFOUND',
    syscall: 'queryAaaa',
    hostname: 'forgejo.ussuri-macaroni.ts.net'
  }
]
[2026-05-17T05:44:43.109Z] error: <httpProxy> Error calling https://stirling.ussuri-macaroni.ts.net/...
[2026-05-17T05:44:43.110Z] error: <httpProxy> [
  500,
  Error: queryAaaa ENOTFOUND stirling.ussuri-macaroni.ts.net
      at ignore-listed frames {
    errno: undefined,
    code: 'ENOTFOUND',
    syscall: 'queryAaaa',
    hostname: 'stirling.ussuri-macaroni.ts.net'
  }
]
[2026-05-17T05:44:43.130Z] error: <httpProxy> Error calling https://vaultwarden.ussuri-macaroni.ts.net/...
[2026-05-17T05:44:43.131Z] error: <httpProxy> [
  500,
  Error: queryAaaa ENOTFOUND vaultwarden.ussuri-macaroni.ts.net
      at ignore-listed frames {
    errno: undefined,
    code: 'ENOTFOUND',
    syscall: 'queryAaaa',
    hostname: 'vaultwarden.ussuri-macaroni.ts.net'
  }
]
[2026-05-17T05:44:44.783Z] error: <httpProxy> Error calling https://silverbullet.ussuri-macaroni.ts.net/...
[2026-05-17T05:44:44.783Z] error: <httpProxy> [
  500,
  Error: queryAaaa ENOTFOUND silverbullet.ussuri-macaroni.ts.net
      at ignore-listed frames {
    errno: undefined,
    code: 'ENOTFOUND',
    syscall: 'queryAaaa',
    hostname: 'silverbullet.ussuri-macaroni.ts.net'
  }
]
[2026-05-17T05:44:44.808Z] error: <httpProxy> Error calling https://anki.ussuri-macaroni.ts.net/...
[2026-05-17T05:44:44.808Z] error: <httpProxy> [
  500,
  Error: queryAaaa ENOTFOUND anki.ussuri-macaroni.ts.net
      at ignore-listed frames {
    errno: undefined,
    code: 'ENOTFOUND',
    syscall: 'queryAaaa',
    hostname: 'anki.ussuri-macaroni.ts.net'
  }
]
[2026-05-17T05:44:46.546Z] error: <httpProxy> Error calling https://stirling.ussuri-macaroni.ts.net/...
[2026-05-17T05:44:46.547Z] error: <httpProxy> [
  500,
  Error: queryAaaa ENOTFOUND stirling.ussuri-macaroni.ts.net
      at ignore-listed frames {
    errno: undefined,
    code: 'ENOTFOUND',
    syscall: 'queryAaaa',
    hostname: 'stirling.ussuri-macaroni.ts.net'
  }
]
[2026-05-17T05:44:46.647Z] error: <httpProxy> Error calling https://forgejo.ussuri-macaroni.ts.net/...
[2026-05-17T05:44:46.647Z] error: <httpProxy> [
  500,
  Error: queryAaaa ENOTFOUND forgejo.ussuri-macaroni.ts.net
      at ignore-listed frames {
    errno: undefined,
    code: 'ENOTFOUND',
    syscall: 'queryAaaa',
    hostname: 'forgejo.ussuri-macaroni.ts.net'
  }
]
[2026-05-17T05:45:45.253Z] error: <httpProxy> Error calling https://silverbullet.ussuri-macaroni.ts.net/...
[2026-05-17T05:45:45.253Z] error: <httpProxy> [
  500,
  Error: queryAaaa ENOTFOUND silverbullet.ussuri-macaroni.ts.net
      at ignore-listed frames {
    errno: undefined,
    code: 'ENOTFOUND',
    syscall: 'queryAaaa',
    hostname: 'silverbullet.ussuri-macaroni.ts.net'
  }
]
[2026-05-17T05:45:45.287Z] error: <httpProxy> Error calling https://anki.ussuri-macaroni.ts.net/...
[2026-05-17T05:45:45.287Z] error: <httpProxy> [
  500,
  Error: queryAaaa ENOTFOUND anki.ussuri-macaroni.ts.net
      at ignore-listed frames {
    errno: undefined,
    code: 'ENOTFOUND',
    syscall: 'queryAaaa',
    hostname: 'anki.ussuri-macaroni.ts.net'
  }
]
[2026-05-17T05:45:46.959Z] error: <httpProxy> Error calling https://vaultwarden.ussuri-macaroni.ts.net/...
[2026-05-17T05:45:46.959Z] error: <httpProxy> [
  500,
  Error: queryAaaa ENOTFOUND vaultwarden.ussuri-macaroni.ts.net
      at ignore-listed frames {
    errno: undefined,
    code: 'ENOTFOUND',
    syscall: 'queryAaaa',
    hostname: 'vaultwarden.ussuri-macaroni.ts.net'
  }
]
[2026-05-17T05:45:46.967Z] error: <httpProxy> Error calling https://stirling.ussuri-macaroni.ts.net/...
[2026-05-17T05:45:46.968Z] error: <httpProxy> [
  500,
  Error: queryAaaa ENOTFOUND stirling.ussuri-macaroni.ts.net
      at ignore-listed frames {
    errno: undefined,
    code: 'ENOTFOUND',
    syscall: 'queryAaaa',
    hostname: 'stirling.ussuri-macaroni.ts.net'
  }
]
[2026-05-17T05:45:48.646Z] error: <httpProxy> Error calling https://forgejo.ussuri-macaroni.ts.net/...
[2026-05-17T05:45:48.646Z] error: <httpProxy> [
  500,
  Error: queryAaaa ENOTFOUND forgejo.ussuri-macaroni.ts.net
      at ignore-listed frames {
    errno: undefined,
    code: 'ENOTFOUND',
    syscall: 'queryAaaa',
    hostname: 'forgejo.ussuri-macaroni.ts.net'
  }
]
[2026-05-17T05:45:50.280Z] error: <httpProxy> Error calling https://silverbullet.ussuri-macaroni.ts.net/...
[2026-05-17T05:45:50.280Z] error: <httpProxy> [
  500,
  Error: queryAaaa ENOTFOUND silverbullet.ussuri-macaroni.ts.net
      at ignore-listed frames {
    errno: undefined,
    code: 'ENOTFOUND',
    syscall: 'queryAaaa',
    hostname: 'silverbullet.ussuri-macaroni.ts.net'
  }
]
[2026-05-17T05:45:50.322Z] error: <httpProxy> Error calling https://anki.ussuri-macaroni.ts.net/...
[2026-05-17T05:45:50.323Z] error: <httpProxy> [
  500,
  Error: queryAaaa ENOTFOUND anki.ussuri-macaroni.ts.net
      at ignore-listed frames {
    errno: undefined,
    code: 'ENOTFOUND',
    syscall: 'queryAaaa',
    hostname: 'anki.ussuri-macaroni.ts.net'
  }
]
[2026-05-17T05:45:51.997Z] error: <httpProxy> Error calling https://stirling.ussuri-macaroni.ts.net/...
[2026-05-17T05:45:51.998Z] error: <httpProxy> [
  500,
  Error: queryAaaa ENOTFOUND stirling.ussuri-macaroni.ts.net
      at ignore-listed frames {
    errno: undefined,
    code: 'ENOTFOUND',
    syscall: 'queryAaaa',
    hostname: 'stirling.ussuri-macaroni.ts.net'
  }
]
[2026-05-17T05:45:52.031Z] error: <httpProxy> Error calling https://vaultwarden.ussuri-macaroni.ts.net/...
[2026-05-17T05:45:52.031Z] error: <httpProxy> [
  500,
  Error: queryAaaa ENOTFOUND vaultwarden.ussuri-macaroni.ts.net
      at ignore-listed frames {
    errno: undefined,
    code: 'ENOTFOUND',
    syscall: 'queryAaaa',
    hostname: 'vaultwarden.ussuri-macaroni.ts.net'
  }
]
[2026-05-17T05:45:53.677Z] error: <httpProxy> Error calling https://forgejo.ussuri-macaroni.ts.net/...
[2026-05-17T05:45:53.678Z] error: <httpProxy> [
  500,
  Error: queryAaaa ENOTFOUND forgejo.ussuri-macaroni.ts.net
      at ignore-listed frames {
    errno: undefined,
    code: 'ENOTFOUND',
    syscall: 'queryAaaa',
    hostname: 'forgejo.ussuri-macaroni.ts.net'
  }
]
[2026-05-17T05:46:03.773Z] error: <httpProxy> Error calling https://vaultwarden.ussuri-macaroni.ts.net/...
[2026-05-17T05:46:03.773Z] error: <httpProxy> [
  500,
  Error: queryAaaa ENOTFOUND vaultwarden.ussuri-macaroni.ts.net
      at ignore-listed frames {
    errno: undefined,
    code: 'ENOTFOUND',
    syscall: 'queryAaaa',
    hostname: 'vaultwarden.ussuri-macaroni.ts.net'
  }
]
[2026-05-17T05:46:03.775Z] error: <httpProxy> Error calling https://anki.ussuri-macaroni.ts.net/...
[2026-05-17T05:46:03.775Z] error: <httpProxy> [
  500,
  Error: queryAaaa ENOTFOUND anki.ussuri-macaroni.ts.net
      at ignore-listed frames {
    errno: undefined,
    code: 'ENOTFOUND',
    syscall: 'queryAaaa',
    hostname: 'anki.ussuri-macaroni.ts.net'
  }
]
[2026-05-17T05:46:05.444Z] error: <httpProxy> Error calling https://stirling.ussuri-macaroni.ts.net/...
[2026-05-17T05:46:05.444Z] error: <httpProxy> [
  500,
  Error: queryAaaa ENOTFOUND stirling.ussuri-macaroni.ts.net
      at ignore-listed frames {
    errno: undefined,
    code: 'ENOTFOUND',
    syscall: 'queryAaaa',
    hostname: 'stirling.ussuri-macaroni.ts.net'
  }
]
[2026-05-17T05:46:05.448Z] error: <httpProxy> Error calling https://silverbullet.ussuri-macaroni.ts.net/...
[2026-05-17T05:46:05.448Z] error: <httpProxy> [
  500,
  Error: queryAaaa ENOTFOUND silverbullet.ussuri-macaroni.ts.net
      at ignore-listed frames {
    errno: undefined,
    code: 'ENOTFOUND',
    syscall: 'queryAaaa',
    hostname: 'silverbullet.ussuri-macaroni.ts.net'
  }
]
[2026-05-17T05:46:07.127Z] error: <httpProxy> Error calling https://anki.ussuri-macaroni.ts.net/...
[2026-05-17T05:46:07.128Z] error: <httpProxy> [
  500,
  Error: queryAaaa ENOTFOUND anki.ussuri-macaroni.ts.net
      at ignore-listed frames {
    errno: undefined,
    code: 'ENOTFOUND',
    syscall: 'queryAaaa',
    hostname: 'anki.ussuri-macaroni.ts.net'
  }
]
[2026-05-17T05:46:07.131Z] error: <httpProxy> Error calling https://forgejo.ussuri-macaroni.ts.net/...
[2026-05-17T05:46:07.132Z] error: <httpProxy> [
  500,
  Error: queryAaaa ENOTFOUND forgejo.ussuri-macaroni.ts.net
      at ignore-listed frames {
    errno: undefined,
    code: 'ENOTFOUND',
    syscall: 'queryAaaa',
    hostname: 'forgejo.ussuri-macaroni.ts.net'
  }
]
[2026-05-17T05:46:08.803Z] error: <httpProxy> Error calling https://silverbullet.ussuri-macaroni.ts.net/...
[2026-05-17T05:46:08.803Z] error: <httpProxy> [
  500,
  Error: queryAaaa ENOTFOUND silverbullet.ussuri-macaroni.ts.net
      at ignore-listed frames {
    errno: undefined,
    code: 'ENOTFOUND',
    syscall: 'queryAaaa',
    hostname: 'silverbullet.ussuri-macaroni.ts.net'
  }
]
[2026-05-17T05:46:08.804Z] error: <httpProxy> Error calling https://stirling.ussuri-macaroni.ts.net/...
[2026-05-17T05:46:08.804Z] error: <httpProxy> [
  500,
  Error: queryAaaa ENOTFOUND stirling.ussuri-macaroni.ts.net
      at ignore-listed frames {
    errno: undefined,
    code: 'ENOTFOUND',
    syscall: 'queryAaaa',
    hostname: 'stirling.ussuri-macaroni.ts.net'
  }
]
[2026-05-17T05:46:10.481Z] error: <httpProxy> Error calling https://forgejo.ussuri-macaroni.ts.net/...
[2026-05-17T05:46:10.481Z] error: <httpProxy> [
  500,
  Error: queryAaaa ENOTFOUND forgejo.ussuri-macaroni.ts.net
      at ignore-listed frames {
    errno: undefined,
    code: 'ENOTFOUND',
    syscall: 'queryAaaa',
    hostname: 'forgejo.ussuri-macaroni.ts.net'
  }
]
[2026-05-17T05:46:10.482Z] error: <httpProxy> Error calling https://vaultwarden.ussuri-macaroni.ts.net/...
[2026-05-17T05:46:10.482Z] error: <httpProxy> [
  500,
  Error: queryAaaa ENOTFOUND vaultwarden.ussuri-macaroni.ts.net
      at ignore-listed frames {
    errno: undefined,
    code: 'ENOTFOUND',
    syscall: 'queryAaaa',
    hostname: 'vaultwarden.ussuri-macaroni.ts.net'
  }
]
[2026-05-17T05:46:12.151Z] error: <httpProxy> Error calling https://anki.ussuri-macaroni.ts.net/...
[2026-05-17T05:46:12.152Z] error: <httpProxy> [
  500,
  Error: queryAaaa ENOTFOUND anki.ussuri-macaroni.ts.net
      at ignore-listed frames {
    errno: undefined,
    code: 'ENOTFOUND',
    syscall: 'queryAaaa',
    hostname: 'anki.ussuri-macaroni.ts.net'
  }
]
[2026-05-17T05:46:12.154Z] error: <httpProxy> Error calling https://vaultwarden.ussuri-macaroni.ts.net/...
[2026-05-17T05:46:12.154Z] error: <httpProxy> [
  500,
  Error: queryAaaa ENOTFOUND vaultwarden.ussuri-macaroni.ts.net
      at ignore-listed frames {
    errno: undefined,
    code: 'ENOTFOUND',
    syscall: 'queryAaaa',
    hostname: 'vaultwarden.ussuri-macaroni.ts.net'
  }
]
[2026-05-17T05:46:13.832Z] error: <httpProxy> Error calling https://silverbullet.ussuri-macaroni.ts.net/...
[2026-05-17T05:46:13.832Z] error: <httpProxy> [
  500,
  Error: queryAaaa ENOTFOUND silverbullet.ussuri-macaroni.ts.net
      at ignore-listed frames {
    errno: undefined,
    code: 'ENOTFOUND',
    syscall: 'queryAaaa',
    hostname: 'silverbullet.ussuri-macaroni.ts.net'
  }
]
[2026-05-17T05:46:13.833Z] error: <httpProxy> Error calling https://stirling.ussuri-macaroni.ts.net/...
[2026-05-17T05:46:13.834Z] error: <httpProxy> [
  500,
  Error: queryAaaa ENOTFOUND stirling.ussuri-macaroni.ts.net
      at ignore-listed frames {
    errno: undefined,
    code: 'ENOTFOUND',
    syscall: 'queryAaaa',
    hostname: 'stirling.ussuri-macaroni.ts.net'
  }
]
[2026-05-17T05:46:15.507Z] error: <httpProxy> Error calling https://forgejo.ussuri-macaroni.ts.net/...
[2026-05-17T05:46:15.507Z] error: <httpProxy> [
  500,
  Error: queryAaaa ENOTFOUND forgejo.ussuri-macaroni.ts.net
      at ignore-listed frames {
    errno: undefined,
    code: 'ENOTFOUND',
    syscall: 'queryAaaa',
    hostname: 'forgejo.ussuri-macaroni.ts.net'
  }
]
[2026-05-17T05:46:15.507Z] error: <httpProxy> Error calling https://anki.ussuri-macaroni.ts.net/...
[2026-05-17T05:46:15.507Z] error: <httpProxy> [
  500,
  Error: queryAaaa ENOTFOUND anki.ussuri-macaroni.ts.net
      at ignore-listed frames {
    errno: undefined,
    code: 'ENOTFOUND',
    syscall: 'queryAaaa',
    hostname: 'anki.ussuri-macaroni.ts.net'
  }
]
[2026-05-17T05:46:17.185Z] error: <httpProxy> Error calling https://silverbullet.ussuri-macaroni.ts.net/...
[2026-05-17T05:46:17.185Z] error: <httpProxy> [
  500,
  Error: queryAaaa ENOTFOUND silverbullet.ussuri-macaroni.ts.net
      at ignore-listed frames {
    errno: undefined,
    code: 'ENOTFOUND',
    syscall: 'queryAaaa',
    hostname: 'silverbullet.ussuri-macaroni.ts.net'
  }
]
[2026-05-17T05:46:17.188Z] error: <httpProxy> Error calling https://stirling.ussuri-macaroni.ts.net/...
[2026-05-17T05:46:17.189Z] error: <httpProxy> [
  500,
  Error: queryAaaa ENOTFOUND stirling.ussuri-macaroni.ts.net
      at ignore-listed frames {
    errno: undefined,
    code: 'ENOTFOUND',
    syscall: 'queryAaaa',
    hostname: 'stirling.ussuri-macaroni.ts.net'
  }
]
[2026-05-17T05:46:18.866Z] error: <httpProxy> Error calling https://vaultwarden.ussuri-macaroni.ts.net/...
[2026-05-17T05:46:18.866Z] error: <httpProxy> [
  500,
  Error: queryAaaa ENOTFOUND vaultwarden.ussuri-macaroni.ts.net
      at ignore-listed frames {
    errno: undefined,
    code: 'ENOTFOUND',
    syscall: 'queryAaaa',
    hostname: 'vaultwarden.ussuri-macaroni.ts.net'
  }
]
[2026-05-17T05:46:18.866Z] error: <httpProxy> Error calling https://forgejo.ussuri-macaroni.ts.net/...
[2026-05-17T05:46:18.866Z] error: <httpProxy> [
  500,
  Error: queryAaaa ENOTFOUND forgejo.ussuri-macaroni.ts.net
      at ignore-listed frames {
    errno: undefined,
    code: 'ENOTFOUND',
    syscall: 'queryAaaa',
    hostname: 'forgejo.ussuri-macaroni.ts.net'
  }
]
[2026-05-17T05:46:29.455Z] error: <httpProxy> Error calling https://stirling.ussuri-macaroni.ts.net/...
[2026-05-17T05:46:29.456Z] error: <httpProxy> [
  500,
  Error: queryAaaa ENOTFOUND stirling.ussuri-macaroni.ts.net
      at ignore-listed frames {
    errno: undefined,
    code: 'ENOTFOUND',
    syscall: 'queryAaaa',
    hostname: 'stirling.ussuri-macaroni.ts.net'
  }
]
[2026-05-17T05:46:29.458Z] error: <httpProxy> Error calling https://silverbullet.ussuri-macaroni.ts.net/...
[2026-05-17T05:46:29.459Z] error: <httpProxy> [
  500,
  Error: queryAaaa ENOTFOUND silverbullet.ussuri-macaroni.ts.net
      at ignore-listed frames {
    errno: undefined,
    code: 'ENOTFOUND',
    syscall: 'queryAaaa',
    hostname: 'silverbullet.ussuri-macaroni.ts.net'
  }
]
[2026-05-17T05:46:31.130Z] error: <httpProxy> Error calling https://anki.ussuri-macaroni.ts.net/...
[2026-05-17T05:46:31.130Z] error: <httpProxy> [
  500,
  Error: queryAaaa ENOTFOUND anki.ussuri-macaroni.ts.net
      at ignore-listed frames {
    errno: undefined,
    code: 'ENOTFOUND',
    syscall: 'queryAaaa',
    hostname: 'anki.ussuri-macaroni.ts.net'
  }
]
[2026-05-17T05:46:31.133Z] error: <httpProxy> Error calling https://vaultwarden.ussuri-macaroni.ts.net/...
[2026-05-17T05:46:31.133Z] error: <httpProxy> [
  500,
  Error: queryAaaa ENOTFOUND vaultwarden.ussuri-macaroni.ts.net
      at ignore-listed frames {
    errno: undefined,
    code: 'ENOTFOUND',
    syscall: 'queryAaaa',
    hostname: 'vaultwarden.ussuri-macaroni.ts.net'
  }
]
[2026-05-17T05:46:32.811Z] error: <httpProxy> Error calling https://forgejo.ussuri-macaroni.ts.net/...
[2026-05-17T05:46:32.811Z] error: <httpProxy> [
  500,
  Error: queryAaaa ENOTFOUND forgejo.ussuri-macaroni.ts.net
      at ignore-listed frames {
    errno: undefined,
    code: 'ENOTFOUND',
    syscall: 'queryAaaa',
    hostname: 'forgejo.ussuri-macaroni.ts.net'
  }
]
[2026-05-17T05:46:34.493Z] error: <httpProxy> Error calling https://stirling.ussuri-macaroni.ts.net/...
[2026-05-17T05:46:34.493Z] error: <httpProxy> [
  500,
  Error: queryAaaa ENOTFOUND stirling.ussuri-macaroni.ts.net
      at ignore-listed frames {
    errno: undefined,
    code: 'ENOTFOUND',
    syscall: 'queryAaaa',
    hostname: 'stirling.ussuri-macaroni.ts.net'
  }
]
[2026-05-17T05:46:34.493Z] error: <httpProxy> Error calling https://silverbullet.ussuri-macaroni.ts.net/...
[2026-05-17T05:46:34.494Z] error: <httpProxy> [
  500,
  Error: queryAaaa ENOTFOUND silverbullet.ussuri-macaroni.ts.net
      at ignore-listed frames {
    errno: undefined,
    code: 'ENOTFOUND',
    syscall: 'queryAaaa',
    hostname: 'silverbullet.ussuri-macaroni.ts.net'
  }
]
[2026-05-17T05:46:36.170Z] error: <httpProxy> Error calling https://anki.ussuri-macaroni.ts.net/...
[2026-05-17T05:46:36.170Z] error: <httpProxy> [
  500,
  Error: queryAaaa ENOTFOUND anki.ussuri-macaroni.ts.net
      at ignore-listed frames {
    errno: undefined,
    code: 'ENOTFOUND',
    syscall: 'queryAaaa',
    hostname: 'anki.ussuri-macaroni.ts.net'
  }
]
[2026-05-17T05:46:36.172Z] error: <httpProxy> Error calling https://vaultwarden.ussuri-macaroni.ts.net/...
[2026-05-17T05:46:36.172Z] error: <httpProxy> [
  500,
  Error: queryAaaa ENOTFOUND vaultwarden.ussuri-macaroni.ts.net
      at ignore-listed frames {
    errno: undefined,
    code: 'ENOTFOUND',
    syscall: 'queryAaaa',
    hostname: 'vaultwarden.ussuri-macaroni.ts.net'
  }
]
[2026-05-17T05:46:37.847Z] error: <httpProxy> Error calling https://forgejo.ussuri-macaroni.ts.net/...
[2026-05-17T05:46:37.848Z] error: <httpProxy> [
  500,
  Error: queryAaaa ENOTFOUND forgejo.ussuri-macaroni.ts.net
      at ignore-listed frames {
    errno: undefined,
    code: 'ENOTFOUND',
    syscall: 'queryAaaa',
    hostname: 'forgejo.ussuri-macaroni.ts.net'
  }
]
[2026-05-17T05:46:49.861Z] error: <httpProxy> Error calling https://stirling.ussuri-macaroni.ts.net/...
[2026-05-17T05:46:49.862Z] error: <httpProxy> [
  500,
  Error: queryAaaa ENOTFOUND stirling.ussuri-macaroni.ts.net
      at ignore-listed frames {
    errno: undefined,
    code: 'ENOTFOUND',
    syscall: 'queryAaaa',
    hostname: 'stirling.ussuri-macaroni.ts.net'
  }
]
[2026-05-17T05:46:49.870Z] error: <httpProxy> Error calling https://vaultwarden.ussuri-macaroni.ts.net/...
[2026-05-17T05:46:49.870Z] error: <httpProxy> [
  500,
  Error: queryAaaa ENOTFOUND vaultwarden.ussuri-macaroni.ts.net
      at ignore-listed frames {
    errno: undefined,
    code: 'ENOTFOUND',
    syscall: 'queryAaaa',
    hostname: 'vaultwarden.ussuri-macaroni.ts.net'
  }
]
[2026-05-17T05:46:51.537Z] error: <httpProxy> Error calling https://anki.ussuri-macaroni.ts.net/...
[2026-05-17T05:46:51.538Z] error: <httpProxy> [
  500,
  Error: queryAaaa ENOTFOUND anki.ussuri-macaroni.ts.net
      at ignore-listed frames {
    errno: undefined,
    code: 'ENOTFOUND',
    syscall: 'queryAaaa',
    hostname: 'anki.ussuri-macaroni.ts.net'
  }
]
[2026-05-17T05:46:51.547Z] error: <httpProxy> Error calling https://silverbullet.ussuri-macaroni.ts.net/...
[2026-05-17T05:46:51.547Z] error: <httpProxy> [
  500,
  Error: queryAaaa ENOTFOUND silverbullet.ussuri-macaroni.ts.net
      at ignore-listed frames {
    errno: undefined,
    code: 'ENOTFOUND',
    syscall: 'queryAaaa',
    hostname: 'silverbullet.ussuri-macaroni.ts.net'
  }
]
[2026-05-17T05:46:53.219Z] error: <httpProxy> Error calling https://forgejo.ussuri-macaroni.ts.net/...
[2026-05-17T05:46:53.219Z] error: <httpProxy> [
  500,
  Error: queryAaaa ENOTFOUND forgejo.ussuri-macaroni.ts.net
      at ignore-listed frames {
    errno: undefined,
    code: 'ENOTFOUND',
    syscall: 'queryAaaa',
    hostname: 'forgejo.ussuri-macaroni.ts.net'
  }
]
[2026-05-17T05:46:54.891Z] error: <httpProxy> Error calling https://vaultwarden.ussuri-macaroni.ts.net/...
[2026-05-17T05:46:54.891Z] error: <httpProxy> [
  500,
  Error: queryAaaa ENOTFOUND vaultwarden.ussuri-macaroni.ts.net
      at ignore-listed frames {
    errno: undefined,
    code: 'ENOTFOUND',
    syscall: 'queryAaaa',
    hostname: 'vaultwarden.ussuri-macaroni.ts.net'
  }
]
[2026-05-17T05:46:54.892Z] error: <httpProxy> Error calling https://stirling.ussuri-macaroni.ts.net/...
[2026-05-17T05:46:54.893Z] error: <httpProxy> [
  500,
  Error: queryAaaa ENOTFOUND stirling.ussuri-macaroni.ts.net
      at ignore-listed frames {
    errno: undefined,
    code: 'ENOTFOUND',
    syscall: 'queryAaaa',
    hostname: 'stirling.ussuri-macaroni.ts.net'
  }
]
[2026-05-17T05:46:56.570Z] error: <httpProxy> Error calling https://anki.ussuri-macaroni.ts.net/...
[2026-05-17T05:46:56.571Z] error: <httpProxy> [
  500,
  Error: queryAaaa ENOTFOUND anki.ussuri-macaroni.ts.net
      at ignore-listed frames {
    errno: undefined,
    code: 'ENOTFOUND',
    syscall: 'queryAaaa',
    hostname: 'anki.ussuri-macaroni.ts.net'
  }
]
[2026-05-17T05:46:56.574Z] error: <httpProxy> Error calling https://silverbullet.ussuri-macaroni.ts.net/...
[2026-05-17T05:46:56.576Z] error: <httpProxy> [
  500,
  Error: queryAaaa ENOTFOUND silverbullet.ussuri-macaroni.ts.net
      at ignore-listed frames {
    errno: undefined,
    code: 'ENOTFOUND',
    syscall: 'queryAaaa',
    hostname: 'silverbullet.ussuri-macaroni.ts.net'
  }
]
[2026-05-17T05:46:58.364Z] error: <httpProxy> Error calling https://forgejo.ussuri-macaroni.ts.net/...
[2026-05-17T05:46:58.364Z] error: <httpProxy> [
  500,
  Error: queryAaaa ENOTFOUND forgejo.ussuri-macaroni.ts.net
      at ignore-listed frames {
    errno: undefined,
    code: 'ENOTFOUND',
    syscall: 'queryAaaa',
    hostname: 'forgejo.ussuri-macaroni.ts.net'
  }
]
[2026-05-17T05:47:09.873Z] error: <httpProxy> Error calling https://silverbullet.ussuri-macaroni.ts.net/...
[2026-05-17T05:47:09.873Z] error: <httpProxy> [
  500,
  Error: queryAaaa ENOTFOUND silverbullet.ussuri-macaroni.ts.net
      at ignore-listed frames {
    errno: undefined,
    code: 'ENOTFOUND',
    syscall: 'queryAaaa',
    hostname: 'silverbullet.ussuri-macaroni.ts.net'
  }
]
[2026-05-17T05:47:10.038Z] error: <httpProxy> Error calling https://vaultwarden.ussuri-macaroni.ts.net/...
[2026-05-17T05:47:10.038Z] error: <httpProxy> [
  500,
  Error: queryAaaa ENOTFOUND vaultwarden.ussuri-macaroni.ts.net
      at ignore-listed frames {
    errno: undefined,
    code: 'ENOTFOUND',
    syscall: 'queryAaaa',
    hostname: 'vaultwarden.ussuri-macaroni.ts.net'
  }
]
[2026-05-17T05:47:11.552Z] error: <httpProxy> Error calling https://forgejo.ussuri-macaroni.ts.net/...
[2026-05-17T05:47:11.553Z] error: <httpProxy> [
  500,
  Error: queryAaaa ENOTFOUND forgejo.ussuri-macaroni.ts.net
      at ignore-listed frames {
    errno: undefined,
    code: 'ENOTFOUND',
    syscall: 'queryAaaa',
    hostname: 'forgejo.ussuri-macaroni.ts.net'
  }
]
[2026-05-17T05:47:11.591Z] error: <httpProxy> Error calling https://anki.ussuri-macaroni.ts.net/...
[2026-05-17T05:47:11.592Z] error: <httpProxy> [
  500,
  Error: queryAaaa ENOTFOUND anki.ussuri-macaroni.ts.net
      at ignore-listed frames {
    errno: undefined,
    code: 'ENOTFOUND',
    syscall: 'queryAaaa',
    hostname: 'anki.ussuri-macaroni.ts.net'
  }
]
[2026-05-17T05:47:13.228Z] error: <httpProxy> Error calling https://anki.ussuri-macaroni.ts.net/...
[2026-05-17T05:47:13.229Z] error: <httpProxy> [
  500,
  Error: queryAaaa ENOTFOUND anki.ussuri-macaroni.ts.net
      at ignore-listed frames {
    errno: undefined,
    code: 'ENOTFOUND',
    syscall: 'queryAaaa',
    hostname: 'anki.ussuri-macaroni.ts.net'
  }
]
[2026-05-17T05:47:13.233Z] error: <httpProxy> Error calling https://stirling.ussuri-macaroni.ts.net/...
[2026-05-17T05:47:13.234Z] error: <httpProxy> [
  500,
  Error: queryAaaa ENOTFOUND stirling.ussuri-macaroni.ts.net
      at ignore-listed frames {
    errno: undefined,
    code: 'ENOTFOUND',
    syscall: 'queryAaaa',
    hostname: 'stirling.ussuri-macaroni.ts.net'
  }
]
[2026-05-17T05:47:14.899Z] error: <httpProxy> Error calling https://stirling.ussuri-macaroni.ts.net/...
[2026-05-17T05:47:14.900Z] error: <httpProxy> [
  500,
  Error: queryAaaa ENOTFOUND stirling.ussuri-macaroni.ts.net
      at ignore-listed frames {
    errno: undefined,
    code: 'ENOTFOUND',
    syscall: 'queryAaaa',
    hostname: 'stirling.ussuri-macaroni.ts.net'
  }
]
[2026-05-17T05:47:15.095Z] error: <httpProxy> Error calling https://forgejo.ussuri-macaroni.ts.net/...
[2026-05-17T05:47:15.095Z] error: <httpProxy> [
  500,
  Error: queryAaaa ENOTFOUND forgejo.ussuri-macaroni.ts.net
      at ignore-listed frames {
    errno: undefined,
    code: 'ENOTFOUND',
    syscall: 'queryAaaa',
    hostname: 'forgejo.ussuri-macaroni.ts.net'
  }
]
[2026-05-17T05:47:16.568Z] error: <httpProxy> Error calling https://vaultwarden.ussuri-macaroni.ts.net/...
[2026-05-17T05:47:16.569Z] error: <httpProxy> [
  500,
  Error: queryAaaa ENOTFOUND vaultwarden.ussuri-macaroni.ts.net
      at ignore-listed frames {
    errno: undefined,
    code: 'ENOTFOUND',
    syscall: 'queryAaaa',
    hostname: 'vaultwarden.ussuri-macaroni.ts.net'
  }
]
[2026-05-17T05:47:16.576Z] error: <httpProxy> Error calling https://silverbullet.ussuri-macaroni.ts.net/...
[2026-05-17T05:47:16.577Z] error: <httpProxy> [
  500,
  Error: queryAaaa ENOTFOUND silverbullet.ussuri-macaroni.ts.net
      at ignore-listed frames {
    errno: undefined,
    code: 'ENOTFOUND',
    syscall: 'queryAaaa',
    hostname: 'silverbullet.ussuri-macaroni.ts.net'
  }
]
[2026-05-17T05:47:18.249Z] error: <httpProxy> Error calling https://silverbullet.ussuri-macaroni.ts.net/...
[2026-05-17T05:47:18.250Z] error: <httpProxy> [
  500,
  Error: queryAaaa ENOTFOUND silverbullet.ussuri-macaroni.ts.net
      at ignore-listed frames {
    errno: undefined,
    code: 'ENOTFOUND',
    syscall: 'queryAaaa',
    hostname: 'silverbullet.ussuri-macaroni.ts.net'
  }
]
[2026-05-17T05:47:18.257Z] error: <httpProxy> Error calling https://vaultwarden.ussuri-macaroni.ts.net/...
[2026-05-17T05:47:18.257Z] error: <httpProxy> [
  500,
  Error: queryAaaa ENOTFOUND vaultwarden.ussuri-macaroni.ts.net
      at ignore-listed frames {
    errno: undefined,
    code: 'ENOTFOUND',
    syscall: 'queryAaaa',
    hostname: 'vaultwarden.ussuri-macaroni.ts.net'
  }
]
[2026-05-17T05:47:19.920Z] error: <httpProxy> Error calling https://anki.ussuri-macaroni.ts.net/...
[2026-05-17T05:47:19.920Z] error: <httpProxy> [
  500,
  Error: queryAaaa ENOTFOUND anki.ussuri-macaroni.ts.net
      at ignore-listed frames {
    errno: undefined,
    code: 'ENOTFOUND',
    syscall: 'queryAaaa',
    hostname: 'anki.ussuri-macaroni.ts.net'
  }
]
[2026-05-17T05:47:19.921Z] error: <httpProxy> Error calling https://forgejo.ussuri-macaroni.ts.net/...
[2026-05-17T05:47:19.921Z] error: <httpProxy> [
  500,
  Error: queryAaaa ENOTFOUND forgejo.ussuri-macaroni.ts.net
      at ignore-listed frames {
    errno: undefined,
    code: 'ENOTFOUND',
    syscall: 'queryAaaa',
    hostname: 'forgejo.ussuri-macaroni.ts.net'
  }
]
[2026-05-17T05:47:21.595Z] error: <httpProxy> Error calling https://stirling.ussuri-macaroni.ts.net/...
[2026-05-17T05:47:21.596Z] error: <httpProxy> [
  500,
  Error: queryAaaa ENOTFOUND stirling.ussuri-macaroni.ts.net
      at ignore-listed frames {
    errno: undefined,
    code: 'ENOTFOUND',
    syscall: 'queryAaaa',
    hostname: 'stirling.ussuri-macaroni.ts.net'
  }
]
[2026-05-17T05:47:21.599Z] error: <httpProxy> Error calling https://anki.ussuri-macaroni.ts.net/...
[2026-05-17T05:47:21.599Z] error: <httpProxy> [
  500,
  Error: queryAaaa ENOTFOUND anki.ussuri-macaroni.ts.net
      at ignore-listed frames {
    errno: undefined,
    code: 'ENOTFOUND',
    syscall: 'queryAaaa',
    hostname: 'anki.ussuri-macaroni.ts.net'
  }
]
[2026-05-17T05:47:23.269Z] error: <httpProxy> Error calling https://stirling.ussuri-macaroni.ts.net/...
[2026-05-17T05:47:23.270Z] error: <httpProxy> [
  500,
  Error: queryAaaa ENOTFOUND stirling.ussuri-macaroni.ts.net
      at ignore-listed frames {
    errno: undefined,
    code: 'ENOTFOUND',
    syscall: 'queryAaaa',
    hostname: 'stirling.ussuri-macaroni.ts.net'
  }
]
[2026-05-17T05:47:23.271Z] error: <httpProxy> Error calling https://forgejo.ussuri-macaroni.ts.net/...
[2026-05-17T05:47:23.272Z] error: <httpProxy> [
  500,
  Error: queryAaaa ENOTFOUND forgejo.ussuri-macaroni.ts.net
      at ignore-listed frames {
    errno: undefined,
    code: 'ENOTFOUND',
    syscall: 'queryAaaa',
    hostname: 'forgejo.ussuri-macaroni.ts.net'
  }
]
[2026-05-17T05:47:24.946Z] error: <httpProxy> Error calling https://silverbullet.ussuri-macaroni.ts.net/...
[2026-05-17T05:47:24.946Z] error: <httpProxy> [
  500,
  Error: queryAaaa ENOTFOUND silverbullet.ussuri-macaroni.ts.net
      at ignore-listed frames {
    errno: undefined,
    code: 'ENOTFOUND',
    syscall: 'queryAaaa',
    hostname: 'silverbullet.ussuri-macaroni.ts.net'
  }
]
[2026-05-17T05:47:24.949Z] error: <httpProxy> Error calling https://vaultwarden.ussuri-macaroni.ts.net/...
[2026-05-17T05:47:24.949Z] error: <httpProxy> [
  500,
  Error: queryAaaa ENOTFOUND vaultwarden.ussuri-macaroni.ts.net
      at ignore-listed frames {
    errno: undefined,
    code: 'ENOTFOUND',
    syscall: 'queryAaaa',
    hostname: 'vaultwarden.ussuri-macaroni.ts.net'
  }
]
[2026-05-17T05:50:04.815Z] error: <httpProxy> Error calling https://anki.ussuri-macaroni.ts.net/...
[2026-05-17T05:50:04.815Z] error: <httpProxy> [
  500,
  Error: queryAaaa ENOTFOUND anki.ussuri-macaroni.ts.net
      at ignore-listed frames {
    errno: undefined,
    code: 'ENOTFOUND',
    syscall: 'queryAaaa',
    hostname: 'anki.ussuri-macaroni.ts.net'
  }
]
[2026-05-17T05:50:05.065Z] error: <httpProxy> Error calling https://silverbullet.ussuri-macaroni.ts.net/...
[2026-05-17T05:50:05.065Z] error: <httpProxy> [
  500,
  Error: queryAaaa ENOTFOUND silverbullet.ussuri-macaroni.ts.net
      at ignore-listed frames {
    errno: undefined,
    code: 'ENOTFOUND',
    syscall: 'queryAaaa',
    hostname: 'silverbullet.ussuri-macaroni.ts.net'
  }
]
[2026-05-17T05:50:06.451Z] error: <httpProxy> Error calling https://stirling.ussuri-macaroni.ts.net/...
[2026-05-17T05:50:06.451Z] error: <httpProxy> [
  500,
  Error: queryAaaa ENOTFOUND stirling.ussuri-macaroni.ts.net
      at ignore-listed frames {
    errno: undefined,
    code: 'ENOTFOUND',
    syscall: 'queryAaaa',
    hostname: 'stirling.ussuri-macaroni.ts.net'
  }
]
[2026-05-17T05:50:06.710Z] error: <httpProxy> Error calling https://forgejo.ussuri-macaroni.ts.net/...
[2026-05-17T05:50:06.710Z] error: <httpProxy> [
  500,
  Error: queryAaaa ENOTFOUND forgejo.ussuri-macaroni.ts.net
      at ignore-listed frames {
    errno: undefined,
    code: 'ENOTFOUND',
    syscall: 'queryAaaa',
    hostname: 'forgejo.ussuri-macaroni.ts.net'
  }
]
[2026-05-17T05:50:08.170Z] error: <httpProxy> Error calling https://vaultwarden.ussuri-macaroni.ts.net/...
[2026-05-17T05:50:08.171Z] error: <httpProxy> [
  500,
  Error: queryAaaa ENOTFOUND vaultwarden.ussuri-macaroni.ts.net
      at ignore-listed frames {
    errno: undefined,
    code: 'ENOTFOUND',
    syscall: 'queryAaaa',
    hostname: 'vaultwarden.ussuri-macaroni.ts.net'
  }
]
[2026-05-17T05:50:10.183Z] error: <httpProxy> Error calling https://silverbullet.ussuri-macaroni.ts.net/...
[2026-05-17T05:50:10.183Z] error: <httpProxy> [
  500,
  Error: queryAaaa ENOTFOUND silverbullet.ussuri-macaroni.ts.net
      at ignore-listed frames {
    errno: undefined,
    code: 'ENOTFOUND',
    syscall: 'queryAaaa',
    hostname: 'silverbullet.ussuri-macaroni.ts.net'
  }
]
[2026-05-17T05:50:11.747Z] error: <httpProxy> Error calling https://vaultwarden.ussuri-macaroni.ts.net/...
[2026-05-17T05:50:11.747Z] error: <httpProxy> [
  500,
  Error: queryAaaa ENOTFOUND vaultwarden.ussuri-macaroni.ts.net
      at ignore-listed frames {
    errno: undefined,
    code: 'ENOTFOUND',
    syscall: 'queryAaaa',
    hostname: 'vaultwarden.ussuri-macaroni.ts.net'
  }
]
[2026-05-17T05:50:11.821Z] error: <httpProxy> Error calling https://forgejo.ussuri-macaroni.ts.net/...
[2026-05-17T05:50:11.821Z] error: <httpProxy> [
  500,
  Error: queryAaaa ENOTFOUND forgejo.ussuri-macaroni.ts.net
      at ignore-listed frames {
    errno: undefined,
    code: 'ENOTFOUND',
    syscall: 'queryAaaa',
    hostname: 'forgejo.ussuri-macaroni.ts.net'
  }
]
[2026-05-17T05:50:13.222Z] error: <httpProxy> Error calling https://stirling.ussuri-macaroni.ts.net/...
[2026-05-17T05:50:13.222Z] error: <httpProxy> [
  500,
  Error: queryAaaa ENOTFOUND stirling.ussuri-macaroni.ts.net
      at ignore-listed frames {
    errno: undefined,
    code: 'ENOTFOUND',
    syscall: 'queryAaaa',
    hostname: 'stirling.ussuri-macaroni.ts.net'
  }
]
[2026-05-17T05:50:13.543Z] error: <httpProxy> Error calling https://anki.ussuri-macaroni.ts.net/...
[2026-05-17T05:50:13.544Z] error: <httpProxy> [
  500,
  Error: queryAaaa ENOTFOUND anki.ussuri-macaroni.ts.net
      at ignore-listed frames {
    errno: undefined,
    code: 'ENOTFOUND',
    syscall: 'queryAaaa',
    hostname: 'anki.ussuri-macaroni.ts.net'
  }
]
[2026-05-17T05:50:14.936Z] error: <httpProxy> Error calling https://anki.ussuri-macaroni.ts.net/...
[2026-05-17T05:50:14.936Z] error: <httpProxy> [
  500,
  Error: queryAaaa ENOTFOUND anki.ussuri-macaroni.ts.net
      at ignore-listed frames {
    errno: undefined,
    code: 'ENOTFOUND',
    syscall: 'queryAaaa',
    hostname: 'anki.ussuri-macaroni.ts.net'
  }
]
[2026-05-17T05:50:15.263Z] error: <httpProxy> Error calling https://silverbullet.ussuri-macaroni.ts.net/...
[2026-05-17T05:50:15.263Z] error: <httpProxy> [
  500,
  Error: queryAaaa ENOTFOUND silverbullet.ussuri-macaroni.ts.net
      at ignore-listed frames {
    errno: undefined,
    code: 'ENOTFOUND',
    syscall: 'queryAaaa',
    hostname: 'silverbullet.ussuri-macaroni.ts.net'
  }
]
[2026-05-17T05:50:16.659Z] error: <httpProxy> Error calling https://stirling.ussuri-macaroni.ts.net/...
[2026-05-17T05:50:16.660Z] error: <httpProxy> [
  500,
  Error: queryAaaa ENOTFOUND stirling.ussuri-macaroni.ts.net
      at ignore-listed frames {
    errno: undefined,
    code: 'ENOTFOUND',
    syscall: 'queryAaaa',
    hostname: 'stirling.ussuri-macaroni.ts.net'
  }
]
[2026-05-17T05:50:16.906Z] error: <httpProxy> Error calling https://forgejo.ussuri-macaroni.ts.net/...
[2026-05-17T05:50:16.906Z] error: <httpProxy> [
  500,
  Error: queryAaaa ENOTFOUND forgejo.ussuri-macaroni.ts.net
      at ignore-listed frames {
    errno: undefined,
    code: 'ENOTFOUND',
    syscall: 'queryAaaa',
    hostname: 'forgejo.ussuri-macaroni.ts.net'
  }
]
[2026-05-17T05:50:18.340Z] error: <httpProxy> Error calling https://vaultwarden.ussuri-macaroni.ts.net/...
[2026-05-17T05:50:18.340Z] error: <httpProxy> [
  500,
  Error: queryAaaa ENOTFOUND vaultwarden.ussuri-macaroni.ts.net
      at ignore-listed frames {
    errno: undefined,
    code: 'ENOTFOUND',
    syscall: 'queryAaaa',
    hostname: 'vaultwarden.ussuri-macaroni.ts.net'
  }
]
[2026-05-17T05:50:18.656Z] error: <httpProxy> Error calling https://silverbullet.ussuri-macaroni.ts.net/...
[2026-05-17T05:50:18.657Z] error: <httpProxy> [
  500,
  Error: queryAaaa ENOTFOUND silverbullet.ussuri-macaroni.ts.net
      at ignore-listed frames {
    errno: undefined,
    code: 'ENOTFOUND',
    syscall: 'queryAaaa',
    hostname: 'silverbullet.ussuri-macaroni.ts.net'
  }
]
[2026-05-17T05:50:20.032Z] error: <httpProxy> Error calling https://vaultwarden.ussuri-macaroni.ts.net/...
[2026-05-17T05:50:20.032Z] error: <httpProxy> [
  500,
  Error: queryAaaa ENOTFOUND vaultwarden.ussuri-macaroni.ts.net
      at ignore-listed frames {
    errno: undefined,
    code: 'ENOTFOUND',
    syscall: 'queryAaaa',
    hostname: 'vaultwarden.ussuri-macaroni.ts.net'
  }
]
[2026-05-17T05:50:20.328Z] error: <httpProxy> Error calling https://forgejo.ussuri-macaroni.ts.net/...
[2026-05-17T05:50:20.328Z] error: <httpProxy> [
  500,
  Error: queryAaaa ENOTFOUND forgejo.ussuri-macaroni.ts.net
      at ignore-listed frames {
    errno: undefined,
    code: 'ENOTFOUND',
    syscall: 'queryAaaa',
    hostname: 'forgejo.ussuri-macaroni.ts.net'
  }
]
[2026-05-17T05:50:21.715Z] error: <httpProxy> Error calling https://stirling.ussuri-macaroni.ts.net/...
[2026-05-17T05:50:21.715Z] error: <httpProxy> [
  500,
  Error: queryAaaa ENOTFOUND stirling.ussuri-macaroni.ts.net
      at ignore-listed frames {
    errno: undefined,
    code: 'ENOTFOUND',
    syscall: 'queryAaaa',
    hostname: 'stirling.ussuri-macaroni.ts.net'
  }
]
[2026-05-17T05:50:22.008Z] error: <httpProxy> Error calling https://anki.ussuri-macaroni.ts.net/...
[2026-05-17T05:50:22.008Z] error: <httpProxy> [
  500,
  Error: queryAaaa ENOTFOUND anki.ussuri-macaroni.ts.net
      at ignore-listed frames {
    errno: undefined,
    code: 'ENOTFOUND',
    syscall: 'queryAaaa',
    hostname: 'anki.ussuri-macaroni.ts.net'
  }
]
[2026-05-17T05:51:51.962Z] info: 🌐 i18next is made possible by our own product, Locize — consider powering your project with managed localization (AI, CDN, integrations): https://locize.com 💙
[2026-05-17T13:31:51.311Z] info: 🌐 i18next is made possible by our own product, Locize — consider powering your project with managed localization (AI, CDN, integrations): https://locize.com 💙
[2026-05-17T13:41:08.674Z] info: 🌐 i18next is made possible by our own product, Locize — consider powering your project with managed localization (AI, CDN, integrations): https://locize.com 💙
[2026-05-17T13:46:21.163Z] info: 🌐 i18next is made possible by our own product, Locize — consider powering your project with managed localization (AI, CDN, integrations): https://locize.com 💙
[2026-05-17T13:49:06.830Z] info: 🌐 i18next is made possible by our own product, Locize — consider powering your project with managed localization (AI, CDN, integrations): https://locize.com 💙
[2026-05-17T14:36:56.678Z] info: 🌐 i18next is made possible by our own product, Locize — consider powering your project with managed localization (AI, CDN, integrations): https://locize.com 💙
[2026-05-17T14:43:04.706Z] error: <httpProxy> Error calling https://api.github.com/repos/gethomepage/homepage/releases...
[2026-05-17T14:43:04.720Z] error: <httpProxy> [
  500,
  Error: getaddrinfo EAI_AGAIN api.github.com
      at ignore-listed frames {
    errno: -3001,
    code: 'EAI_AGAIN',
    syscall: 'getaddrinfo',
    hostname: 'api.github.com'
  }
]
[2026-05-17T14:45:08.809Z] error: <httpProxy> Error calling https://vaultwarden.ussuri-macaroni.ts.net/...
[2026-05-17T14:45:08.812Z] error: <httpProxy> [
  500,
  Error: connect ETIMEDOUT 100.91.0.128:443
      at <unknown> (Error: connect ETIMEDOUT 100.91.0.128:443) {
    errno: -110,
    code: 'ETIMEDOUT',
    syscall: 'connect',
    address: '100.91.0.128',
    port: 443
  }
]
[2026-05-17T14:45:08.814Z] error: <httpProxy> Error calling https://syncthing.ussuri-macaroni.ts.net/...
[2026-05-17T14:45:08.815Z] error: <httpProxy> [
  500,
  Error: connect ETIMEDOUT 100.77.62.11:443
      at <unknown> (Error: connect ETIMEDOUT 100.77.62.11:443) {
    errno: -110,
    code: 'ETIMEDOUT',
    syscall: 'connect',
    address: '100.77.62.11',
    port: 443
  }
]
[2026-05-17T14:45:08.816Z] error: <httpProxy> Error calling https://forgejo.ussuri-macaroni.ts.net/...
[2026-05-17T14:45:08.817Z] error: <httpProxy> [
  500,
  Error: connect ETIMEDOUT 100.78.133.77:443
      at <unknown> (Error: connect ETIMEDOUT 100.78.133.77:443) {
    errno: -110,
    code: 'ETIMEDOUT',
    syscall: 'connect',
    address: '100.78.133.77',
    port: 443
  }
]
[2026-05-17T14:45:08.820Z] error: <httpProxy> Error calling https://silverbullet.ussuri-macaroni.ts.net/...
[2026-05-17T14:45:08.821Z] error: <httpProxy> [
  500,
  Error: connect ETIMEDOUT 100.106.153.62:443
      at <unknown> (Error: connect ETIMEDOUT 100.106.153.62:443) {
    errno: -110,
    code: 'ETIMEDOUT',
    syscall: 'connect',
    address: '100.106.153.62',
    port: 443
  }
]
[2026-05-17T14:45:08.822Z] error: <httpProxy> Error calling https://anki.ussuri-macaroni.ts.net/...
[2026-05-17T14:45:08.823Z] error: <httpProxy> [
  500,
  Error: connect ETIMEDOUT 100.99.52.53:443
      at <unknown> (Error: connect ETIMEDOUT 100.99.52.53:443) {
    errno: -110,
    code: 'ETIMEDOUT',
    syscall: 'connect',
    address: '100.99.52.53',
    port: 443
  }
]
[2026-05-17T14:45:08.824Z] error: <httpProxy> Error calling https://budget.ussuri-macaroni.ts.net/...
[2026-05-17T14:45:08.825Z] error: <httpProxy> [
  500,
  Error: connect ETIMEDOUT 100.89.195.104:443
      at <unknown> (Error: connect ETIMEDOUT 100.89.195.104:443) {
    errno: -110,
    code: 'ETIMEDOUT',
    syscall: 'connect',
    address: '100.89.195.104',
    port: 443
  }
]
[2026-05-17T14:45:12.905Z] error: <httpProxy> Error calling https://stirling.ussuri-macaroni.ts.net/...
[2026-05-17T14:45:12.907Z] error: <httpProxy> [
  500,
  Error: connect ETIMEDOUT 100.68.171.51:443
      at <unknown> (Error: connect ETIMEDOUT 100.68.171.51:443) {
    errno: -110,
    code: 'ETIMEDOUT',
    syscall: 'connect',
    address: '100.68.171.51',
    port: 443
  }
]
[2026-05-17T14:45:49.769Z] error: <httpProxy> Error calling https://stirling.ussuri-macaroni.ts.net/...
[2026-05-17T14:45:49.770Z] error: <httpProxy> [
  500,
  Error: connect ETIMEDOUT 100.68.171.51:443
      at <unknown> (Error: connect ETIMEDOUT 100.68.171.51:443) {
    errno: -110,
    code: 'ETIMEDOUT',
    syscall: 'connect',
    address: '100.68.171.51',
    port: 443
  }
]
[2026-05-17T14:46:10.249Z] error: <httpProxy> Error calling https://anki.ussuri-macaroni.ts.net/...
[2026-05-17T14:46:10.250Z] error: <httpProxy> [
  500,
  Error: connect ETIMEDOUT 100.99.52.53:443
      at <unknown> (Error: connect ETIMEDOUT 100.99.52.53:443) {
    errno: -110,
    code: 'ETIMEDOUT',
    syscall: 'connect',
    address: '100.99.52.53',
    port: 443
  }
]
[2026-05-17T14:58:25.370Z] info: 🌐 i18next is made possible by our own product, Locize — consider powering your project with managed localization (AI, CDN, integrations): https://locize.com 💙
